Title_Name,Auto_id
ANDHRA LAW TIMES (LEGISLATIVE SUPPLEMENT),454083262687874125
PRAJAA TIMES TELUGU PAKSHA PATRIKA,454083262687874226
ANDHRA TIMES FOR THE PEOPLE,454083262687874235
MY TIMES OF SHIMLA,454083262687874433
CHANDIGARH TIMES WEEKLY,454083262687874435
MY TIMES OF JALANDHAR,454083262687874439
MY TIMES OF SRINAGAR,454083262687874443
HINDUSTAN TIMES WEDDING BELLS,454083262687874571
HINDUSTAN TIMES KIDS PLAY,454083262687874573
NAVBHARAT TIMES ANNUAL,454083262687874574
BHARAT TIMES SAJAG,454083262687874677
BHARAT TIMES SOWBHAGYA,454083262687874695
G.T.B.TIMES,454083262687874703
BHARAT TIMES SAJAG,454083262687874752
BHARAT TIMES SOWBHAGYA,454083262687874779
'M'TIMES,454083262687874781
TIMES-AKHBAR,454083262687874800
EX-IMP-TIMES,454083262687874885
EDUCATION TIMES SCHOOL GUIDE,454083262687874907
LOCAL LAWTIMES,454083262687874965
JAT TIMES PATRIKA,454083262687874986
NEEDS TIMES DAILY,454083262687875020
KAROBAR TIMES MEDIA,454083262687875053
AGRO TIMES PATRIKA,454083262687875109
MEDIA TIMES AHEAD,454083262687875163
DALMIA RESORTIMES,454083262687875183
LEGAL TIMES AND SOCIAL TRENDS,454083262687875227
SUR TIMES OF SANDESH,454083262687875242
SANDHYA TIMES DINMAN TIMES SAMAHIT,454083262687875262
RISING TIMES OF DELHI,454083262687875286
U.K.G.TIMES,454083262687875289
BHARAT TIMES SAJAG,454083262687875356
HINDI TIMES SAPTAHIK,454083262687875364
ECONOMIC TIMES ON SATURDAY,454083262687875446
G.T.B.TIMES,454083262687875500
SHAKTIVAN SURYAATIMES,454083262687875525
HINDUSTAN TIMES CAREERS GUIDE,454083262687875532
PURTIKA TIMES PLUS,454083262687875587
ISMA-TIMES,454083262687875605
JAY JINENDRA TIMES OF THE WORLD,454083262687875607
MILI TIMES INTERNATIONAL,454083262687875612
AHMEDABAD TIMES MASALA MIX,454083262687875648
NAV PRABHAT TIMES KARNAWATI,454083262687875692
ECONOMIC TIMES ON SATURDAY,454083262687875712
S.K.TIMES,454083262687875840
DELITE TIMES JAGAT,454083262687876023
HANSI TIMES HANSI,454083262687876071
S.S.P.TIMES,454083262687876124
S.D.G.TIMES,454083262687876138
HARYANA PRIYA DESHAM TIMES SAMACHAR,454083262687876148
SIMLA TIMES WEEKLY,454083262687876186
ACTION TIMES BULLETIN,454083262687876273
PEACE TIMES KASHMIR,454083262687876324
SUVARNA TIMES OF KARNATAKA,454083262687876400
ISHU KSHANA KSHANADHA SATHYA TIMES OF BANGALORE,454083262687876407
FASTIMES,454083262687876448
READERS TIMES & QUOTES,454083262687876476
JOBTIMES,454083262687876641
NAUTICAL TIMES KERALA,454083262687876689
A.C.TIMES,454083262687876725
YOUNG BOYS TIMES SAPTAHIK,454083262687876770
POLKHOL TIMES SAPTAHIK,454083262687876824
SWAMITIMES,454083262687876923
ECONOMIC TIMES ANNUAL,454083262687877018
MAHARASHTRA TIMES ANNUAL,454083262687877019
OSHO TIMES INTERNATIONAL,454083262687877091
YOUR TIMES VALUE,454083262687877095
DALAL TIMES MAGAZINE,454083262687877155
HARVEST TIMES FOR YOUR FAMILY,454083262687877163
SAHYOG TIMES INTERNATIONAL,454083262687877174
SAHYOG TIMES INTERNATIONAL,454083262687877185
CANTIMES,454083262687877194
MAHARASHTRA TIMES SAMVAD,454083262687877207
COMPU-TIMES,454083262687877229
MUMBAI TIMES SAMVAD,454083262687877234
TRANSTIMES,454083262687877344
MAHARASHTRA TIMES PUNE PLUS,454083262687877479
PUNE TIMES MIRROR,454083262687877491
OSHO TIMES INTERNATIONAL,454083262687877502
OSHO TIMES INTERNATIONAL,454083262687877503
SUBORDINATE ENGINEERS' TIMES (M.S.E.B.),454083262687877601
J.K.TIMES,454083262687877602
V.K.TIMES,454083262687877714
CITY TIMES OF MAHARASHTRA,454083262687877815
CARMEL TIMES EXCLUSIVE,454083262687877825
INDIANTIMES,454083262687877831
MAAJ TIMES SANDHYA DAINIK,454083262687877904
RAJYA TIMES DAINIK,454083262687877910
"SYM TIMES (SPORTS,YOGA & MARTIAL ARTS)",454083262687878059
RAJYA TIMES DAINIK,454083262687878165
GAJANFAR TIMES OF DUNIYA,454083262687878280
SMRITI TIMES OF MADHYA PRADESH,454083262687878324
PUBLIC TIMES OF M P,454083262687878350
ANUGARHA TIMES OF MADHYA PRADESH,454083262687878359
SUNIL TIMES OF MADHYA PRADESH,454083262687878401
PRAHLAD TIMES OF MADHYA PRADESH,454083262687878408
GAYTRI-SAVITRI-TIMES,454083262687878421
DEWAS TIMES BULLETIN,454083262687878470
S.R.TIMES,454083262687878485
NIKHIL TIMES PATRIKA,454083262687878557
HOSHANGABAD TIMES SAPTAHIK,454083262687878564
I.S.B.TIMES,454083262687878606
VASTU TIMES.COM,454083262687878635
VYASTIMES,454083262687878891
PRADESH TIMES(MORNING),454083262687878897
POLITICAL AND INDUSTRIAL TIMES OF ORISSA,454083262687878935
POLITICAL AND INDUSTRIAL TIMES OF ORISSA,454083262687878939
LA VOIX DES ANC COM ETVIC TIMES DE G.D EXINDES FRA,454083262687878961
HITAISHI TIMES NEWSPAPER,454083262687879070
BARMER-TIMES,454083262687879139
R.C.M.TIMES,454083262687879156
NAYA DIN TIMES WINDOW,454083262687879191
CHANCHAL TIMES JHALAWAR,454083262687879351
ANDHRA LAW TIMES (REVENUE),454083262687879496
HYDERABAD LAW TIMES (CRIMINAL),454083262687879509
B.C.TIMES,454083262687879510
RANGA REDDY DIST.TIMES,454083262687879569
FUNTIMES AT SCHOOL,454083262687879683
CHENNAI TIMES WHAT'S HOT,454083262687879707
NATIONAL TIMES REPORTER,454083262687879776
RECTIMES,454083262687879803
CHHATTISGARH LAW TIMES AND CASES,454083262687879922
SURAJ TIMES OF WORLD,454083262687879979
UTTAR PRADESH TIMES JADEED,454083262687880017
PRAKASH TIMES BASTI,454083262687880062
WHITERAYTIMES,454083262687880179
ADVERTIMES WORLD,454083262687880261
UP INFOTIMES,454083262687880359
TIMESTECH BUZZ,454083262687880416
PARATIMES,454083262687880453
T.N.A.TIMES,454083262687880469
PARIHAR TIMES MAIL,454083262687880564
VISHWA TIMES SANDESH,454083262687880583
B.R.TIMES,454083262687880597
MEDIA TIMES LUCKNOW,454083262687880602
UTTAR PRADESH TIMES JADEED,454083262687880656
NEXT INDIA TIMES DAILY NEWSPAPER,454083262687880742
6AM NEWSTIMES,454083262687880755
MAYA SAMACHAR TIMES BUREAU,454083262687880864
SAPTAHIK NIYAZ TIMES HIND,454083262687881022
LOKPRIYA NISHPAKSH TIMES PATRA,454083262687881140
SET TIMES SAMACHAR,454083262687881152
GAANGEYA-TIMES,454083262687881197
MAHAVNESH TIMES DOT COM,454083262687881209
MAYA SAMACHAR TIMES BAURO,454083262687881286
ROYAL CHARITABLE SOCIETY'S RESEARCH TIMES: AN INTERNATIONAL JOURNAL FOR LANGUAGES AND TECHNOLOGY,454083262687881360
P.C.TIMES,454083262687881445
SCIENCE TIMES NEWS & VIEWS,454083262687881666
MIRROR TIMES UTTARAKHAND,454083262687881860
ANIKET TIMES SAMACHAR,454083262687881899
GALAXY TIMES OF DEHRADUN,454083262687881908
FRONT TIMES OF BENGAL,454083262687882167
CRIME TODAY A P,454083262687882281
TODAYS AGRICULTURE,454083262687882289
HAMAR SUNTODAY,454083262687882397
HFI EDUCATION TODAY SPECIAL,454083262687882408
"INDIA: YESTERDAY, TODAY AND TOMORROW",454083262687882409
ENGINEERS TODAY & TOMORROW,454083262687882539
TODAY'S EDUCATION INSIGHT,454083262687882553
OBS.&GYNAE.TODAY,454083262687882560
TODAY'S TRAVELLER,454083262687882564
WIT-TODAY,454083262687882569
BUSINESS TODAY MORE,454083262687882586
TODAYS TRAVELLER NEWSWIRE,454083262687882588
TODAY'S TOURIST,454083262687882608
COPS TODAY INTERNATIONAL,454083262687882617
HFI EDUCATION TODAY PLUS,454083262687882625
MOTHERR EARTH YESTERDAY TODAY TOMMROW,454083262687882643
MARXISM TODAY AN INDIAN DIMN OF A UNIV PHILOSOPHY,454083262687882649
EXAMINATION TODAY-SR.SEC.,454083262687882650
SWARAJ BHARATI TODAY AAPKI AWAJ,454083262687882675
SAILOR TODAY JOB & COURSE SUPPLEMENT,454083262687882679
TODAYS FACT SAMACHAR,454083262687882716
TODAYS CONSTRUCTION MATERIALS,454083262687882717
ANTODAYA SAMVAD,454083262687882845
TODAY'S HOPE,454083262687882878
DALITODAYA,454083262687882890
METRO TODAY BANGALORE,454083262687882895
OUTDOOR-TODAY,454083262687882901
DALITODAYA,454083262687882911
MALENADU TODAY JANA MANADA JEEVANADI,454083262687882916
BADNERA TODAY PRAHAR,454083262687882940
AMUSEMENT TODAY AND TOMORROW,454083262687882966
INTERIORS TODAY NEWSPAPER OF INTERIOR DESIGN & BLD,454083262687882973
T 3 (TOMORROW'S TECHNOLOGY TODAY),454083262687882996
JAINTODAY MANCH,454083262687883035
EDUCATION TODAY SAMACHAR,454083262687883115
PICHDA WARG ANTODAYA,454083262687883218
TODAYS MEDICAL FACTS,454083262687883401
CHAMBAL WORD TODAY HINDI WEEKLY NEWS PAPER PUBLICATION GWALIOR MP,454083262687883419
VAISHNAV JANTODAY,454083262687883437
AGAR TODAY DARPAN,454083262687883529
SCIENCE TODAY AND TOMORROW RDWU BULLETIN OF SCIENCE,454083262687883542
TODAYS VIEW,454083262687883571
TODAYS VIEW AMRAPALI,454083262687883581
STATE TODAY A P,454083262687883671
BRIGHT VISION TRUST TODAY COURT,454083262687883677
TODAY'S DYNAMIC YOUNG INDIANS,454083262687883679
HISTORIC TODAYS COMMANDER,454083262687883685
NATIONAL TODAY FLASH,454083262687883724
TODAY'S TARGET,454083262687883750
WATER TODAY-THE MAGAZINE,454083262687883755
DAY TODAY NEEDS,454083262687883760
TAMIL TODAY SAMANIYAR KURAL,454083262687883761
TODAY'S CHILDREN FOR CHRIST,454083262687883763
TODAY'S ECONOMICS,454083262687883862
TODAYS WORLD,454083262687883911
HIND TODAY VARTA,454083262687883926
TODAYS WORLD,454083262687883952
TODAYS WORLD,454083262687883968
MEGA TODAYS,454083262687883986
TODAYS WORLD,454083262687883991
BHARATODAYA,454083262687884079
TODAYS NEWS PRINT,454083262687884087
TODAYS NEWSPRINT,454083262687884088
COMPUTER & TELCOM TODAY AND TOMMARROW,454083262687884101
SOUTH INDIAN CENTRAL POST,454083262687884120
INDIANS DAY,454083262687884127
AN INDIAN REPORT,454083262687884186
VOICE OF INDIAN MUSLIMS,454083262687884234
CORPORATE PRESS RELEASES (INDIA),454083262687884247
NORTHERN INDIA TAX CASES,454083262687884260
NORTH INDIA KALEIDOSCOPE,454083262687884273
CENTRAL INDIA REVIEW,454083262687884312
COMPUTER SOCIETY OF INDIA NEWSLETTER,454083262687884320
GS1 INDIA NEWSLETTER,454083262687884337
MEN OF AGRI. & VET. SCI. IN INDIA DISTINUISHED WHO,454083262687884338
CHEMICAL INDIA ANNUAL,454083262687884341
COMPETITION COMMISSION OF INDIA JOURNAL ON COMPETITION LAW AND POLICY,454083262687884346
ALLINDIA ENGINEERING PRODUCTS DIRECTORY,454083262687884352
PICTURE QUALITY RESEARCH SERVICES INDIA INCREDIBLE,454083262687884360
INDIAS NEW DAY,454083262687884367
IN TOUCH INDIA IN TRUTH IN LOVE,454083262687884370
DEVELOPING INDIA MIRROR,454083262687884377
IMAGES INDIA SHOP DESIGN,454083262687884378
DISCOVER INDIA'S NORTHEAST,454083262687884383
BULLETIN OF N S OF INDIA FOR MALARIA & OTHER M B D,454083262687884388
"INDIA: YESTERDAY, TODAY AND TOMORROW",454083262687884389
COCA COLA INDIAN REGION NEWSLETTER,454083262687884392
VISION INDIA INTERNATIONAL,454083262687884405
EAST INDIA NEWS BULLETIN,454083262687884422
HEMOPHILIA FEDERATION INDIA NEWSLETTER,454083262687884434
KHOJI NEWS INDIA ANKHON DEKHI,454083262687884452
INSINDIA (INDINON NEWS SERVICE INDIA),454083262687884464
RAHBAR-E-INDIA,454083262687884468
LIVE INDIA SAMRUDDHA JEEVAN,454083262687884478
PETRO-INDIA,454083262687884482
BULLETIN ALL INDIA SALES TAX ABOLITION COMMITTEE,454083262687884506
SOCH INDIA EK KRANTI,454083262687884523
SOUTH INDIAN MATRIMONIAL PAST,454083262687884524
RFP INDIAN JOURNAL OF MEDICAL PSYCHIATRY,454083262687884559
IP INDIAN JOURNAL OF LIBRARY SCIENCE AND INFORMATION TECHNOLOGY,454083262687884572
STUDIES IN INDIAN POLITICS,454083262687884579
AWEB INDIA JOURNAL OF ELECTIONS,454083262687884586
AMC INDIAN JOURNAL OF CIVIL ENGINEERING,454083262687884587
ANTYAJAA INDIAN JOURNAL OF WOMEN AND SOCIAL CHANGE,454083262687884594
ANWESHIKA:INDIAN JOURNAL OF TEACHER EDUCATION,454083262687884598
EVAM: FORUM ON INDIAN REPRESENTATIONS,454083262687884603
RFP INDIAN JOURNAL OF HOSPITAL INFECTION,454083262687884604
HISPANISTICA INDIAN JOURNAL OF SPANISH & LATIN AMERICAN STUDIES,454083262687884606
PRAVASI INDIANS,454083262687884611
INDIAS FUTURE,454083262687884623
SECULAR INDIAN YOUTH,454083262687884637
A B C INDIAN PRODUCTION,454083262687884639
SALUTE TO THE INDIAN SOLDIER,454083262687884651
GLOBAL INDIA INVESTIGATOR,454083262687884661
INDIA'S MOST WANTED CRIMINAL,454083262687884678
SELECT BOOKLIST ON INDIAN ART AND CULTURE,454083262687884709
GRAND LODGE OF INDIA NEWS LETTER,454083262687884716
MONTHLY NEWSLETTER INDIAN INVESTMENT CENTRE,454083262687884729
CURRENT INDIAN INCOME TAX ACT,454083262687884749
INDIAS MOST WANTED,454083262687884756
C R C (INDIA),454083262687884787
INDIANS WILL,454083262687884799
PARENT TEACHER ASSOCIATION OF INDIA NEWS LETTER,454083262687884802
COMPUTER SOCIETY OF INDIA NENSLETTER,454083262687884804
TALENT OF INDIA MAGAZINE,454083262687884805
UPPER INDIA MOTORIST,454083262687884835
CHARISINDIA,454083262687884837
PRODUCTS EQUIPMENTS AND PROCESS IN INDL.INDIA,454083262687884844
FORUM OF INDIAN PUBLIC SCHOOLS,454083262687884858
SHOPPING INDIA FOR PEOPLES,454083262687884861
AN INDIAN JOURNEY,454083262687884870
CHRONICLE'S INDIAN ECONOMIST,454083262687884884
PRABANDHAN: INDIAN JOURNAL OF MANAGEMENT,454083262687884885
ANANT INDIA NEWS POWER,454083262687884897
POST GRADUATE MEDICINE(INDIAN EDITION),454083262687884915
TELEMATICS INDIA NEWSLETTER,454083262687884934
MONTHLY COMMENTARY ON INDIAN ECONOMIC CONDITIONS,454083262687884943
INDIAS MOST WANTED,454083262687884986
VIRSEY DE VAARS THE INDIAN PUNJABI NEWSPAPER,454083262687884992
NPK INDIANA,454083262687884999
CURRENT INDIAN COMPANIES ACT,454083262687885009
ARTHSHASTRA INDIAN JOURNAL OF ECONOMICS & RESEARCH,454083262687885023
IP INDIAN JOURNAL OF ORTHODONTICS AND DENTOFACIAL RESEARCH,454083262687885029
BULLETIN OF THE COUNCIL OF STATE BOARD FACULTIES OF INDIAN MEDICINE,454083262687885036
EAN INDIA NEWSLETTER,454083262687885041
MOTHER INDIA CHILDREN ABROAD,454083262687885045
IP INDIAN JOURNAL OF NEUROSCIENCES,454083262687885047
PHARMACY COUNCIL OF INDIA BULLETIN,454083262687885057
IP INDIAN JOURNAL OF IMMUNOLOGY AND RESPIRATORY MEDICINE,454083262687885060
AMC INDIAN JOURNAL OF ENTREPRENEURSHIP,454083262687885074
HEALTHY INDIA INITIATIVE,454083262687885090
HEALTHY INDIA CHRONICLE,454083262687885096
NEWSLETTER OF INDIAN SOCIETY OF COLPOSCOPY & CERVICAL PATHOLOGY,454083262687885098
ANNALS OF THE INDIAN ACADEMY OF MEDICAL SCIENCE,454083262687885105
IAP NEWS-THE NEWSLETTER OF THE INDIAN ASS.OF PHYSI,454083262687885107
IP INDIAN JOURNAL OF CLINICAL AND EXPERIMENTAL DERMATOLOGY,454083262687885117
INTERNATIONAL INDIAN OCEAN EXPEDITION NEWSLETTER,454083262687885121
GLOBAL CANCER CONCERN INDIA NEWS LETTER,454083262687885136
PPMPL INDIAN JOURNAL OF NURSING SCIENCE & PRACTICE,454083262687885142
JISTA (JOURNAL OF INDIAN SCIENTIFIC TRANSLATORS ASSOCIATION),454083262687885145
RENCONTRE AVEC L'INDIA,454083262687885147
NEWSLETTER INDIAN SOCIETY OF AUTHORS,454083262687885164
MARXISM TODAY AN INDIAN DIMN OF A UNIV PHILOSOPHY,454083262687885173
NEWSLETTER OF ALL INDIA BREAD MANUFACTURERS ASSOCIATION,454083262687885174
IP INDIAN JOURNAL OF CONSERVATIVE AND ENDODONTICS,454083262687885175
RECENT INDIAN BOOKS,454083262687885180
CARITAS INDIA QUARTERY,454083262687885184
IP INDIAN JOURNAL OF ANATOMY AND SURGERY OF HEAD NECK AND BRAIN,454083262687885189
CONTEMPORARY INDIAN LITERATURE,454083262687885194
WEEKLY BULLETIN INDIAN NATIONAL CONGRESS,454083262687885208
MID WEEK SUPLEMENT TO THE INDIAN EXPORT BULLETIN,454083262687885216
LINK INDIAN NEWS MAGAZINE,454083262687885228
READERS GUIDE TO INDIAN PERIODICALS,454083262687885232
SUNRISE INDIA SAMACHAR,454083262687885243
BOL INDIA BOL,454083262687885270
PAN INDIA WEEKLY,454083262687885278
DATA-INDIA,454083262687885308
RISING INDIA NEWS RESEARCH AND ANALYSIS,454083262687885344
MRIN-A JOURNAL OF INDIAN CERAMIC ART,454083262687885388
TRUST INDIA PARIVAR,454083262687885397
INDIAS MOST WANTED,454083262687885424
NEST INDIA HOTLINE,454083262687885449
INDIA-BULLETIN,454083262687885457
PAVO THE INDIAN JOURNAL OF ORNITHOLOGY,454083262687885465
NON-RESIDENT INDIANS,454083262687885488
GUIDE TO INDIAN PERIODICAL LITERATURE,454083262687885508
JAGO INDIA JAGO,454083262687885512
VISION INDIA REVOLUTION,454083262687885514
GOLDEN INDIA EXPRESS,454083262687885535
YEAR BOOK OF INDIAN PARLIAMENT & ASSEMBLIES,454083262687885546
YEARBOOK OF INDIAN FORESTRY,454083262687885547
NEWSLETTER OF THE INDIAN INSTITUTE OF ADVANCE STUDY,454083262687885552
BULLETIN OF THE INDIAN INSTITUTE OF ADVANCED STUDY,454083262687885559
NORTH INDIA PULSE,454083262687885563
GREAT INDIA YOUNGISTAN,454083262687885567
PROCEEDINGS OF INDIAN ACADEMY OF SCIENCE SEC A& B,454083262687885607
BULLETIN OF ASSOCIATION OF CONSULTING CIVIL ENGINEERS(INDIA),454083262687885613
CHILDRENS INDIA CHILIPILI,454083262687885615
SOUTH INDIA OBSERVER,454083262687885630
FEDERAL INDIAN &INDIAN STATES,454083262687885631
WWW.COMMCDITY INDIA.COM,454083262687885639
THAPARS INDIAN INDUSTRIAL DIRECTORY,454083262687885644
CARTOONISTSINDIA,454083262687885645
CARTOONISTSINDIA,454083262687885646
DISCIPLES INDIA GLOBAL JOURNAL OF APPLIED MANAGEMENT,454083262687885659
HELLO INDIANS,454083262687885667
MERCOM INDIA CLEAN ENERGY NEWS AND INSIGHTS,454083262687885668
EDU. POWER AND THE INDIAN COLLEGES,454083262687885673
VOICE TO INDIAN POLITICS,454083262687885675
ICONS OF INDIAN BUSINESS,454083262687885677
ANNALS OF THE INDIAN ACADEMY OF NEUROLOGY,454083262687885680
INDIA-CHINA PEOPLE'S VIEW,454083262687885682
MYSINDIA,454083262687885687
YOUNG INDIA KRANTI,454083262687885702
OMEGA-INDIAN JOURNAL OF SCIENCE AND RELIGION,454083262687885737
ANGLO INDIAN JOURNAL KERALA,454083262687885738
ST.PAUL'S MISSION OF INDIA-MISSION VOICE,454083262687885743
BULLETIN ISSUED BY INDIAN CENTRAL COCONUT COMMITTE,454083262687885745
SCMS JOURNAL OF INDIAN MANAGEMENT,454083262687885749
ANGLO INDIAN JAURNAL,454083262687885751
LABOUR INDIA KUDUMBAMASIKA,454083262687885773
LABOUR INDIA BALA MASIKA,454083262687885774
MEDI INDIA MEDICAL NEWS.COM,454083262687885791
LITTCRIT-AN INDIAN RESPONSE TO LITERATURE,454083262687885802
IEEE INDIA INFO,454083262687885810
LIAISON INDIA PUBLICY,454083262687885812
SOUTH INDIAN BANK REVIEW,454083262687885821
INDIACHA AAWAJ,454083262687885853
HEALTH+CARE+INDIA YELLOW PAGES,454083262687885863
DIRECTORY OF INDIAN BUSINESS,454083262687885867
TEXTILE & ENGINEERING DIARY FOR INDIA AND PAKISTAN,454083262687885873
BULLETIN OF MANAGEMENT TRAINING IN INDIA & ABROAD,454083262687885878
MNLU MUMBAI INDIAN JOURNAL OF CONSTITUTIONAL JURISPRUDENCE,454083262687885882
CONTRIBUTIONS TO INDIAN SOCIOLOGY (NEW SERIES),454083262687885888
MBI'S INDIAN INDUSTRIAL ANNUAL,454083262687885889
ILLUSTRATED WEEKLY OF INDIA ANNUAL,454083262687885890
TEXTILES INDIA PROGRESS,454083262687885894
STATE BANK OF INDIA INDIAN ECONOMIC NEWS LETTER,454083262687885898
CZ INDIA INSTRUMENTS REVIEW,454083262687885906
JEWELLERY NEWS(INDIA),454083262687885918
CYANAMID INDIA NEWSLETTER,454083262687885922
AKS-INDIA ENRICHED,454083262687885948
COMPUTER USER (INDIA),454083262687885954
BUSINESS INDIA THE MAGAZINE OFFICE CORPORATE WORLD,454083262687885957
SUPERKIDZ INDIA JUNIOR,454083262687885958
KAHER INDIAN JOURNAL OF PHYSICAL THERAPY AND RESEARCH,454083262687885969
RESERVE BANK OF INDIA OCCASIONAL PAPERS,454083262687885971
ANNALS OF INDIAN PSYCHIATRY IPS,454083262687885974
BANK OF INDIA SATARKATA,454083262687885980
ASIAN AND INDIAN SKYWAYS,454083262687885989
STATE BANK OF INDIA MONTHLY REVIEW,454083262687886003
PAINTINDIA,454083262687886015
LOG.INDIA,454083262687886020
PRAY-INDIA,454083262687886021
CENTRAL BANK OF INDIA ECONOMIC BULLETIN,454083262687886031
TOURIST INDIA INTERNATIONAL,454083262687886036
MARINE ENGINEERS REVIEW (INDIA),454083262687886051
SIEMENS INDIA NEWS & VIEWS,454083262687886052
HOLIDAY INDIA REPORTER,454083262687886069
ONE INDIA ONE PEOPLE,454083262687886077
BANK OF INDIA BULLETIN,454083262687886092
BULLETIN OF THE ALL INDIA FEDERATION OF MASTER PTR,454083262687886114
STATE BANK OF INDIA MANTHLI REVIEW,454083262687886121
WESTERN INDIA CHARTERED ACCOUNTANTS NEWSLETTER,454083262687886126
RESERVE BANK OF INDIA BULLETIN ABRIDGE EDITION,454083262687886136
RESERVE BANK OF INDIA BULLETIN,454083262687886138
JCI INDIA CHALLENGE,454083262687886144
TOOLING INDIA AGE,454083262687886147
INDIAWALI BRIDES,454083262687886162
BULLETIN OF THE INDIAN FEDERATION OF CATHOLIC MEDICAL GUILDS,454083262687886175
QUARTERLY JOURNAL OF INDIAN STUDIES IN SOCIAL SCI,454083262687886185
ATLAS COPCO INDIAN AIR COMMENTS,454083262687886186
GODFREY PHILLIPS INDIA LIMITED NEWS LETTER,454083262687886188
KAZAKH INDIAN BUSINESS,454083262687886197
WORLD WILDLIFE FUND INDIA NEWS LETTER,454083262687886199
CINEMA INDIA INTERNATIONAL,454083262687886206
NEWSLETTER OF ALL INDIA DRUGS CONTROL OFFICERS CONFEDERATION,454083262687886209
BULLETIN OF INDIAN VACUM SOCIETY,454083262687886221
BULLETIN OF THE INDIAN FEDERATION OF MEDICAL GUILDS,454083262687886229
FILM INDIA WORLDWIDE,454083262687886230
BANK OF INDIA WEEKLY ECONOMIC SURVEY,454083262687886247
RESERVE BANK OF INDIA BULLETIN WEEKLY SATISTICAL SUPPLEMENT,454083262687886256
ASSIGNMENTS IN INDIA - THE ACCESS,454083262687886266
KAMGAR PATRAK GOVT OF INDIA PRESS NASIK,454083262687886293
BULLETIN OF INDIAN SOCIETY AND CULTURE,454083262687886294
ONEINDIA ONEVOICE,454083262687886297
NITHIA'S INDIAN LAW RADAR,454083262687886298
INDIACOM BUSINESS USERS GUIDE-PUNE,454083262687886299
INDIACOM YELLOW PAGES-AHMEDABAD,454083262687886300
INDIACOM YELLOW PAGES PLUS HUBLI,454083262687886301
INDIACOM YELLOW PAGES PLUS VADODARA,454083262687886302
INDIACOM YELLOW PAGES PLUS PUNE,454083262687886303
INDIACOM YELLOW PAGES-FARIDABAD & GURGAON,454083262687886304
INDIACOM YELLOW PAGES-VADODARA,454083262687886305
INDIACOM BUSINESS USERS' GUIDE-HYDERABAD,454083262687886306
INDIACOM YELLOW PAGES-PUNE,454083262687886307
LIVE INDIA SAMRUDDHA JEEVAN,454083262687886325
ARMED FORCES MEDICAL JOURNAL (INDIA),454083262687886335
IASTAM INDIA NEWSLETTER,454083262687886337
RAMBHAU MHALGI PRABODHINI INDIAN JOURNAL OF DEMOCRATIC GOVERNANCE,454083262687886359
THANE BRANCH OF WESTERN INDIA REGIONAL COUNCIL OF THE INSTITUTE OF CHARTERED ACCOUNTANTS OF INDIA - NEWS LETTER,454083262687886361
INDIANTIMES,454083262687886373
RASHTRA HIT INDIAN PRESS FORUM,454083262687886405
PROUD OF INDIA TOURISM,454083262687886410
DIYA HARSH SAVDHAN INDIA EXPRESS,454083262687886483
CENTRE INDIA DETECTIVE,454083262687886504
DIGITAL INDIA EXPRESS,454083262687886542
INDIAMIX,454083262687886560
SHINE INDIA SAMACHAR,454083262687886570
NEXT INDIA JOURNAL OF SOCIAL SCIENCE,454083262687886591
A JOURNAL OF INDIAN CREATIVITY VARNAMALA,454083262687886603
AKHILA INDIA IDHAZH,454083262687886609
BULLETIN OF THE INDIAN MEDICAL ASSOCIATION PUNJAB STATE BRANCH,454083262687886612
INDIAN'S VOICE,454083262687886621
BUYER'S GUIDE FOR INDIAN PRODUUCTS,454083262687886624
INDIA`S JUSTICE,454083262687886636
INFO INDIA FOR AGRICULTURE,454083262687886653
ISAH INDIAN JOURNAL OF ARID HORTICULTURE,454083262687886670
UNIVERSAL HEALTH OF INDIA TRANSFORMING HEALTH CARE,454083262687886675
HANDBOOK OF INDIAN DIAMOND TRADE,454083262687886683
JDA INDIAN JOURNAL OF CLINICAL DERMATOLOGY,454083262687886726
INDIA'S PRIDE,454083262687886736
DIGITAL INDIA KI AWAAZ,454083262687886763
TRANSACTIONA OF INDIA SOCIETY OF DESERT TECHNOLOGY AND UNIVERSITY CENTRE OF DESERT STUDIES,454083262687886777
SHARP INDIANS,454083262687886808
TODAY'S DYNAMIC YOUNG INDIANS,454083262687886814
DAKSHINA INDIA SANGHA VANI,454083262687886823
SOUTH REGIONAL CENTRE INDIAN COUNCIL OF SOCIAL SCIENCE RESEARCH NEWS LETTER,454083262687886838
INDIALO EEROJU,454083262687886852
DAKSHANA INDIA SANGHA PATRIKA,454083262687886865
HINDU SURVEY OF INDIAN INDUSTRY,454083262687886867
HEALTHY INDIA 2030,454083262687886898
SOUTH INDIA TURF CLUB PVT LTD RACING CALENDER,454083262687886907
PHYSIOTHERAPY-THE JOURNAL OF THE INDIAN ASSOCIATIO,454083262687886908
"BI ANNUAL JOURNAL OF INDIAN ART CULTURE, HERITAGE AND TOURISM",454083262687886919
JAPAN INDIA BUSINESS INFORMATION SERVICES N.L.F.J.,454083262687886924
SOUTH INDIA CHURCHMAN,454083262687886926
SOUTH INDIA INDUSTRIAL REPORTER,454083262687886929
SOUTH INDIA HOLIDAYS,454083262687886934
MODERN INDIA MONTHLY,454083262687886935
PRINTINDIA,454083262687886936
AGILA INDIA MAKKAL SHAKTHI,454083262687886938
JUNIOR INDIANS,454083262687886948
INDIAR MAKKAL KARJANAI,454083262687886950
JAPAN INDIA BUSINESS INFORMATION SERVICES N L F(I),454083262687886959
SOUTH INDIA VISION,454083262687886968
MOTORINDIA,454083262687886974
SOUTH INDIAN MARKET,454083262687886979
VOICE OF OVERSEAS INDIANS,454083262687886984
INSTITUTION OF ENGINEERS(INDIA)T.N STATE CENTRE BULLETIN,454083262687886988
KRISHNAMURTI FOUNDATION INDIA BULLETIN,454083262687887002
SOUTH INDIA HOUSE MAGAZINE,454083262687887007
SOUTH INDIAN HORTICULTURE,454083262687887026
SOUTH INDIA EQUESTRIAN GUIDE,454083262687887044
SOUTH INDIAN VOICE,454083262687887052
SOUTH INDIAN POST,454083262687887053
WCSC INDIAN JOURNAL OF YOGA FOR HUMAN EXCELLENCE,454083262687887076
CHURCH OF SOUTH INDIA HIGH SCHOOL MAGAZINE,454083262687887087
CARDAMOMCITYINDIA-MAIL SERVICE,454083262687887094
ZEALSMART'S INDIAN HEALTHCARE QUEST,454083262687887095
ZEALSMART'S TICK INDIA QUEST,454083262687887096
ZELASMART'S INDIAN EDUCATION QUEST,454083262687887097
ZEALSMART'S INDIA TOP IT QUEST,454083262687887098
SOUTH INDIAN CRIME POINT,454083262687887102
INDIAMITHIRAN,454083262687887103
MAGAZINE OF THE COLLEGE OF INDIAN SYSTEMS OF MEDICINE,454083262687887108
KNIT INDIA TIRUPPUR,454083262687887112
NAM INDIARKAL,454083262687887113
SOUTH INDIAN CINEMA DIRECTORY,454083262687887114
SOUTH INDIAN CINEMA,454083262687887116
NORTHERN INDIA PATRIKA,454083262687887138
NORTHERN INDIA PATRIKA,454083262687887139
NAV INDIA NEWS PARISHAD,454083262687887192
NAV INDIA NEWS PARISHAD,454083262687887194
MAL OWEDER INDIAN INTERNATIONAL,454083262687887201
MERITOCRACY INDIA INTERNATIONAL,454083262687887240
SGWSD INDIAN JOURNAL OF INNOVATIVE RESEARCH,454083262687887317
BULLETIN OF THE INDIAN ASSOCIATION OF PHYSICS TEACHERS,454083262687887341
NORTH INDIA STATESMAN,454083262687887355
LOKPRIYA INDIAN NEWS PATRA,454083262687887365
NORTH INDIA STATESMAN,454083262687887374
NEXT INDIA TIMES DAILY NEWSPAPER,454083262687887392
NORTHERN INDIA PATRIKA,454083262687887399
NORTH INDIA STATESMAN,454083262687887402
FIT INDIA ABHIYAN,454083262687887417
DRUGS & PHARMACEUTICAL CURRENT INDIAN TITLE,454083262687887457
LOKPRIYA INDIAN NEWS PATRA,454083262687887473
NORTH INDIA STATESMAN,454083262687887500
NORTH INDIA STATESMAN,454083262687887520
WE INDIANS,454083262687887525
NORTH INDIAN MAIL,454083262687887531
LOKPRIYA INDIAN NEWS PATRA,454083262687887532
SUNO INDIA THE POWER OF EDUCATION,454083262687887559
BADALTA INDIA CRIME,454083262687887573
QUIET INDIA CLASSIFIED,454083262687887583
YOUNGEST INDIAS THOUGHT,454083262687887636
NORTH INDIA EXPRESS,454083262687887711
NEWSLETTER OF THE INDIAN INSTITUTE OF ASTROLOGYWB,454083262687887736
INFOINDIA,454083262687887737
TRAVEL INDIA-ALL INDIA TOURISM INFO GUIDE,454083262687887745
JOURNAL& PROCEEDINGS OF THE INSTITUTION OF CHEMISTS (INDIA),454083262687887756
TRANSACTIONS OF THE INDIAN INSTITUTE OF METALS,454083262687887759
CURRENT INDIAN EYE RESEARCH,454083262687887795
NEWMAN'S INDIAN BRADSHAW,454083262687887803
REVIEW OF INDIAN SPIRITUALISM,454083262687887806
C I S INDIA NEWSLETTER,454083262687887816
INDEX TO INDIAN ECONOMIC JOURNALS,454083262687887817
BULLETIN OF THE ALL INDIA INSTT.OF HOMOEOPATHY,454083262687887826
JOURNALOF INDIAN LEATHER TECHNOLOGISTS ASSOCIATION,454083262687887841
EASTERN INDIA MARKET REPORT,454083262687887846
BHRAMAN INDIA TRAVEL,454083262687887854
TRANSACTIONS OF THE INDIAN CERAMIC SOCIETY,454083262687887858
LAWQUATERLY JOUR OF THE INDIAN LAW INST WB ST UNIT,454083262687887865
IIC-INDIAN JOURNAL OF CERAMICS,454083262687887871
VOICE OF THE FEDERATION OF BANK OF INDIA OFFICERS ASSOCIATION,454083262687887892
NEWSLETTER OF THE BENGAL REGIONAL BRANCH OF THE INDIAN INSTITUTE OF PUBLIC ADMNISTRATION,454083262687887897
CERAMICS INDIA INTERNATIONAL,454083262687887917
ASSAM TRIBUNE,454083262687887935
CACHAR TRIBUNE,454083262687887936
ASSAM TRIBUNE,454083262687887938
DAINIK TRIBUNE,454083262687887939
PUNJABI TRIBUNE,454083262687887940
PUNJABI TRIBUNE,454083262687887943
DAINIK TRIBUNE,454083262687887944
PUNJABI TRIBUNE,454083262687887945
DAINIK TRIBUNE,454083262687887946
PUNJABI TRIBUNE,454083262687887948
RASHTRIYA HIND TRIBUNE,454083262687887950
DELHI TRIBUNE,454083262687887951
SIRSA TRIBUNE,454083262687887954
HIMACHAL TRIBUNE,454083262687887955
HIMACHAL TRIBUNE,454083262687887956
NATIONAL TRIBUNE,454083262687887957
KASHMIR TRIBUNE,454083262687887958
KASHMIR TRIBUNE,454083262687887959
SRINAGAR TRIBUNE,454083262687887962
INDUSTRIAL AND CULTURAL TRIBUNE,454083262687887963
GOAN TRIBUNE,454083262687887964
HOUSING TRIBUNE,454083262687887967
PUNE TRIBUNE,454083262687887968
YAVATMAL TRIBUNE,454083262687887969
CAPITAL TRIBUNE,454083262687887970
BANJARA TRIBUNE,454083262687887972
NISHPAKSH AVADH TRIBUNE,454083262687887973
NATIONAL TRIBUNE,454083262687887974
AVADH TRIBUNE,454083262687887975
HINDI TRIBUNE,454083262687887977
NEPAL TRIBUNE,454083262687887978
INDUSTRIAL TRIBUNE,454083262687887980
COAL FIELD TRIBUNE,454083262687887981
ASANSOL DURGAPUR TRIBUNE,454083262687887982
SPORTS TRIBUNE,454083262687887983
AWAZ-E-DOST,454083262687887988
AWAZ-E-NAU,454083262687887999
AWAZ-E-NAU,454083262687888000
NAWAZ-E-WAQT,454083262687888012
AWAZ-1-KHUKHRAIN,454083262687888026
AWAZ-E-MAZDOOR,454083262687888027
AWAZ-E-QAUM,454083262687888029
JAN AWAZ KI TAKAT,454083262687888047
AAWAZ-E-BULAND,454083262687888053
SUB KI AWAZ JADDEED,454083262687888059
GAREEB NAWAZ,454083262687888068
HIND KI AWAZ AAJTAK,454083262687888074
AWAZ-E-AALAM-E-ISLAM,454083262687888094
NAUJAWAN AWAZ BHARATI,454083262687888095
RASHTRA KI AWAZ AAJ TAK,454083262687888104
BAHUJAN KI AWAZ SAMYAK VAANI,454083262687888141
AWAZ-E-HIND,454083262687888171
AWAZ-E-HIND,454083262687888172
AWAZ-E-HARYANA,454083262687888176
AWAZI E SARHAD,454083262687888213
HAQNAWAZ,454083262687888215
AWAZ-E-GUJAR,454083262687888217
AWAZE HAQ,454083262687888218
AWAZ-E-JAHAN,454083262687888221
JAN AWAZ PATRIKA,454083262687888222
AWAZI KHALAQ,454083262687888225
AWAZI KASHMIR,454083262687888227
MERI AWAZ SUNO,454083262687888228
NAWAZISH,454083262687888229
LOKAWAZ,454083262687888233
AWAZ-E-BHARAT,454083262687888239
AWAZ-E-BHARAT,454083262687888242
MERI AWAZ SUNO,454083262687888251
MERI AWAZ SUNO,454083262687888273
AWAZ-E-WATAN,454083262687888303
LOKMADHYAM AWAZ JANATECHA,454083262687888337
VIDARBHACHA AWAZ VIDARBHA MAZA,454083262687888340
LOKMADHYAM AWAZ JANATECHA,454083262687888341
AWAZ-E-BHARAT,454083262687888343
NAWAZ EXPRESS,454083262687888350
NAWAZ KI DUNIYA,454083262687888361
ARAHANT AWAZ KA,454083262687888383
ISLAMI AWAZ AL HIJAZ,454083262687888426
CHEEKHTI AWAZEN,454083262687888465
AWAZ-E-GARIBJAN,454083262687888507
MERE GARIB NAWAZ,454083262687888533
LAWAZMA,454083262687888566
DAMARU KI AWAZ SUNO,454083262687888586
GAWALAY AAWAZZ,454083262687888604
TAWAZUN,454083262687888606
AWAZ-E-DOST,454083262687888607
TAWAZUN,454083262687888615
AWAZ-E-QALAM,454083262687888618
AWAZ-E-IMROZ,454083262687888619
AWAZ-E-IMROZ,454083262687888620
TAWAZUN,454083262687888626
JADID AWAZ-E-MARKAZ,454083262687888651
JADID AWAZ-E-MARKAJ,454083262687888653
AWAZ-E-TANDA,454083262687888673
JAN JAN KI AWAZ JANCHETNA,454083262687888681
AWAZ-E-JAHAN,454083262687888683
SALAR-E-AWAZ,454083262687888690
AAWAZ-E-GANI,454083262687888693
AWAZE WATAN PRAST,454083262687888712
AWAZ-E-FAHIMABAD,454083262687888715
AAWAZ-E-WAQT,454083262687888719
SALAR-E-AWAZ,454083262687888735
JADID AWAZ-E-MARKAJ,454083262687888750
JANTA KI AWAZ BULANDI KE SATH,454083262687888756
AAWAZ-E-LUCKNOW,454083262687888789
JANATA KI AWAZ BULANDI KE SATH,454083262687888790
AWAZ-E-AZEEM,454083262687888824
MERI AWAZ SUNO,454083262687888829
AWAZE MULK,454083262687888850
AAWAZ-E-NAU,454083262687888868
GHATI KI AWAZEN,454083262687888870
AWAZ-E-HUQ,454083262687888897
DAINIK JAGRAN RASHTRIYA SANSKARAN,454083262687888916
JAN JAGRAN AANDOLAN,454083262687888951
MAHAJAGRAN,454083262687888972
KRISHI JAGRAN SAPTAHIK,454083262687888988
AMARJAGRAN SAMRAT,454083262687889025
ADHIMAIK PUNJAGRAN,454083262687889026
PUNARJAGRAN SANDESH,454083262687889030
JAIN JAGRAN ABHIYAN,454083262687889031
JAN JAGRAN YOGIC SCIENCES,454083262687889035
JANTA JAGRAN SHAKTI,454083262687889050
MORNING JAGRAN SAMACHAR,454083262687889059
NIRBHIK RASHTRIYA PUNARJAGRAN,454083262687889083
JANTA JAGRAN JANSABHA,454083262687889096
BHARATIYA JAN JAGRAN KARM PATH,454083262687889112
JANJAGRAN SAMACHAR,454083262687889116
UTTRAKHAND JANJAGRAN,454083262687889118
