Title_Name,Word_Count
TIMES,8388
INDIA,2588
TODAY,1868
INDIAN,1375
OF,1319
THE,1078
AWAZ,742
JOURNAL,491
KI,455
NEWS,442
JAGRAN,223
AND,201
AAWAZ,135
NEW,132
ALL,128
&,127
SUNDAY,118
LAW,90
ECONOMIC,90
EXPRESS,89
BHARAT,83
CITY,75
IN,74
BULLETIN,72
JAN,72
REVIEW,66
MEDICAL,60
DAINIK,59
SAMACHAR,58
E,57
RASHTRIYA,56
PRADESH,55
SOCIETY,53
EDUCATION,53
TRIBUNE,50
CRIME,48
RESEARCH,47
WORLD,47
SOUTH,46
PUBLIC,45
MAGAZINE,44
ON,44
BUSINESS,44
LOK,43
VOICE,42
SCIENCE,42
ASSOCIATION,42
INTERNATIONAL,37
HINDUSTAN,37
NAGAR,37
FOR,37
MAHARASHTRA,35
REPORTER,35
MEDIA,34
VIJAY,34
NATIONAL,34
DELHI,32
PRESS,32
POLICE,32
INDUSTRIAL,32
SHRI,31
MEDICINE,30
MUMBAI,30
DAY,30
TAX,30
HEALTH,29
METRO,29
DESH,28
NEWSLETTER,28
EAST,27
YOUNG,27
NAV,27
STATE,27
NORTH,27
GUIDE,27
HERALD,26
HIND,26
SOCIAL,26
DI,25
BOOK,25
SANDESH,25
NAYA,24
TO,24
TRADE,24
GLOBAL,24
WEEKLY,23
GREAT,23
MAHANAGAR,22
RAJDHANI,21
MANAGEMENT,21
BANK,21
POLITICAL,21
AMAR,20
SATURDAY,20
CITIZEN,20
POWER,20
DARPAN,20
KE,19
YUG,19
CURRENT,19
INDUSTRY,19
ENGINEERING,19
TENDER,19
P,19
A,19
PLUS,19
CAPITAL,19
MUSLIM,19
YOUTH,19
VISION,18
POLITICS,18
STUDIES,18
JANTA,18
SERVICES,18
RAJASTHAN,18
TECHNOLOGY,18
CIVIL,18
VIKAS,18
LUCKNOW,18
MIRROR,18
LABOUR,18
SAHARA,18
TRAVEL,17
LIFE,17
VICHAR,17
SHAKTI,17
SCIENCES,17
TODAYS,17
PATRIKA,16
ABROAD,16
SUPER,16
BULAND,16
SAI,16
SACH,16
PROPERTY,16
INSTITUTE,16
KRISHI,16
JAIPUR,16
POST,16
DIRECTORY,16
KA,15
HUMAN,15
NISHPAKSH,15
CASES,15
JAI,15
SPORTS,15
UNITED,15
GUJARAT,15
CONSTRUCTION,15
STAR,15
BUREAU,15
SAHAKAR,15
SERVICE,15
ENGINEERS,15
WESTERN,15
TOMORROW,15
VEER,15
COMPUTER,15
MORNING,14
SAAMNA,14
NURSING,14
URDU,14
SAMVAD,14
BAHUJAN,14
RAJ,14
RASHTRA,14
ART,14
GAZETTE,14
PUNJAB,14
LETTER,14
PRAKHAR,14
INFORMATION,14
BHOPAL,14
KHABAR,13
ACTION,13
SAMPURAN,13
AVADH,13
SANDHYA,13
JANHIT,13
UTTARANCHAL,13
FILM,13
FLASH,13
PRABHAT,13
FINANCIAL,13
STUDENT,13
LOCAL,13
TEXTILE,13
YUVA,13
CORPORATE,13
FEDERATION,13
LOOK,13
CENTRAL,13
ACADEMY,13
DAILY,13
COUNCIL,13
MARKET,13
SATYA,13
SUN,13
SHREE,13
SCHOOL,13
PEOPLES,12
HANS,12
AL,12
HARYANA,12
JOURNALIST,12
MADHYA,12
CHEMICAL,12
REAL,12
MAIL,12
FOCUS,12
INDIANS,12
C,12
CONSUMER,12
MAA,12
PRAJA,12
HIMACHAL,12
CARE,12
SAMAJ,12
CHOICE,12
K,12
UTTAR,12
PUNE,12
VISHWA,12
REPORT,12
GANGA,12
JYOTI,12
MANAV,11
UP,11
LINE,11
VANI,11
AMAN,11
LIGHT,11
EXPORT,11
JAIN,11
FUTURE,11
CENTRE,11
NO,11
PRAHARI,11
MAN,11
TODAY'S,11
CHRISTIAN,11
WEST,11
KISAN,11
AGE,11
SAVERA,11
AAP,11
YELLOW,11
TAK,11
KASHMIR,11
SAMAY,11
SHIVPURI,11
COMPETITION,11
SECULAR,11
ONE,11
DEEP,11
HINDI,10
WATAN,10
GREEN,10
SPEED,10
(INDIA),10
MANTHAN,10
QAUMI,10
SATTA,10
NAVBHARAT,10
NITYA,10
ANNUAL,10
PROMPT,10
SURGERY,10
M,10
STEEL,10
CAREER,10
EKTA,10
NARI,10
MY,10
TRANSPORT,10
CHRONICLE,10
KRANTI,10
HELLO,10
LIBRARY,10
SWATANTRA,10
COMMERCIAL,10
CULTURE,10
SAMRAT,10
FIRST,10
B,10
SHIV,10
APPLIED,10
ECONOMY,10
BHARTIYA,10
PRIME,10
GRAMIN,10
AZAD,10
PRAKASH,10
COMMERCE,9
SHIPPING,9
BRIGHT,9
FROM,9
VIEW,9
U,9
SPECIAL,9
DARSHAN,9
PAPER,9
BHUMI,9
VIEWS,9
MOTHER,9
BHADRA,9
JAGRUK,9
AWADH,9
DEV,9
NEWSPAPER,9
MEERUT,9
PEOPLE,9
MONTHLY,9
COMMUNITY,9
INDIACOM,9
ANMOL,9
SHAH,9
VYAPAR,9
ASIA,9
SUDARSHAN,9
SAJAG,9
INFO,9
INSAF,9
BPN,9
PRACHAND,9
HIMALAYA,9
MODERN,9
SEARCH,9
SAGAR,9
UTTARAKHAND,9
DIVYA,9
DIGEST,9
ASIAN,9
T,9
SANSAR,9
JUSTICE,9
AFFAIRS,9
MISSION,9
HAMARA,8
NIRBHAY,8
PRAGATI,8
SINGH,8
PEACE,8
BHARATIYA,8
FOOD,8
AGRICULTURAL,8
TALK,8
STUDY,8
UNIQUE,8
GARH,8
PIHANI,8
ROYAL,8
PUNJABI,8
KARNATAKA,8
AKHIL,8
GURU,8
CINE,8
AMRIT,8
CALCUTTA,8
CONTROL,8
POULTRY,8
RADIO,8
MAZDOOR,8
BRIJ,8
HOUSE,8
APRADH,8
SPICE,8
AUTO,8
TELANGANA,8
EASTERN,8
TRUE,8
NAI,8
TANUL,8
DIARY,8
SAPTAHIK,8
SAMARPAN,8
VISHAL,8
MAHILA,8
ENGINEER,8
TIME,8
NEXT,8
PSYCHOLOGY,8
RAILWAY,8
DECCAN,8
UDYOG,8
MAHAKAUSHAL,8
CINEMA,8
ANAND,8
NOW,8
HOME,8
PROGRESS,8
REPORTS,8
HUSAINI,8
PATRA,8
GOLDEN,8
BHAKT,8
ROAD,8
ANDHRA,8
FINANCE,8
FREE,8
SHINE,8
WEALTH,8
CRIMINAL,8
ASCENT,8
RAVIVAR,8
JAGRITI,8
SURYA,8
BIHAR,8
MERI,8
MOON,8
INDIAS,7
WATER,7
DUNIYA,7
SURVEY,7
PHOTO,7
HERITAGE,7
TOURIST,7
PAGES,7
AGRICULTURE,7
KERALA,7
DRUG,7
INDUSTRIES,7
DALIT,7
MANUFACTURERS,7
JUNIOR,7
BHARTI,7
PEDIATRICS,7
SUNO,7
DIGITAL,7
IP,7
PATH,7
ENVIRONMENT,7
QUALITY,7
FAST,7
KESARI,7
WORKER,7
REVENUE,7
NORTHERN,7
BRANCH,7
BENGAL,7
DEVELOPMENT,7
HARIDWAR,7
RISING,7
ANANT,7
PRADHAN,7
BHARATI,7
CHANAKYA,7
URBAN,7
AUR,7
SECURITY,7
JANBHAWNA,7
FIRE,7
VILLAGE,7
LEADER,7
FIELD,7
BEST,7
N,7
TOURISM,7
INSURANCE,7
FASHION,7
HAPPY,7
SWARAJ,7
JANATA,7
BANKING,7
ECONOMICS,7
DHAMAKA,7
CHARCHA,7
TIRTHRAJ,7
DABANG,7
GYAN,7
KALYAN,7
JUNG,7
COURT,7
BOOKS,7
WAQT,7
CORRUPTION,7
DE,7
LEGAL,7
COAL,7
BUYER'S,7
JAGAT,7
VALLEY,7
DEHRADUN,7
TENDERS,7
SRI,7
EVENING,7
MEGA,7
RIGHTS,7
ABHIYAN,7
NAMAN,7
DREAM,7
CHANDIGARH,7
INSTITUTION,7
KRAMSHRI,6
TRIBAL,6
TELUGU,6
TOWN,6
DOON,6
SUPREME,6
AAM,6
EYE,6
RAMALA,6
PACKAGING,6
DAIRY,6
SUPRABHAT,6
NEPAL,6
LUDHIANA,6
INVESTIGATION,6
MAYA,6
KNOWLEDGE,6
QUANTUM,6
AAJ,6
AMIR,6
RABTA,6
S,6
LITERATURE,6
SPACE,6
GOLD,6
LOKTANTRA,6
SANGAM,6
SHIKSHA,6
MOVEMENT,6
NYAY,6
D,6
JADEED,6
TIGER,6
NATURE,6
NATION,6
THANE,6
KRISHNA,6
HUDA,6
GOA,6
WANTED,6
CHENNAI,6
DEMOCRATIC,6
EDUCATIONAL,6
HOSIERY,6
ELECTRONICS,6
IMAGE,6
CULTURAL,6
SARDAR,6
ADARSH,6
UPDATE,6
SHASTRI,6
PHARMACEUTICAL,6
NOIDA,6
FRIDAY,6
DETECTIVE,6
LIVE,6
JEEVAN,6
PREM,6
UDAY,6
ANIMAL,6
ECHO,6
WEEK,6
EARTH,6
PHOTOGRAPHY,6
HOMOEOPATHIC,6
MILAN,6
PRIYA,6
INFRASTRUCTURE,6
WATCH,6
COFFEE,6
QUARTERLY,6
HYDERABAD,6
POSITIVE,6
SALAM,6
LADAKH,6
SWASTIK,6
BASTI,6
NETWORK,6
VAIBHAV,6
PAWAN,6
BHOOMI,6
ADHIKAR,6
AGRO,6
PSYCHIATRY,6
FOREIGN,6
PRAHAR,6
MONITOR,6
CHHATTISGARH,6
AMERICAN,6
FACT,6
DIAMOND,6
TRAVELLER,6
AHMEDABAD,6
CHETNA,6
CHURCH,6
TYAGI,6
CHAMBER,6
PERFECT,6
EMPLOYMENT,6
GAURAV,6
LOKPRIYA,6
AWAM,6
RATNAGIRI,6
I,6
PLASTICS,6
PARIVARTAN,6
KING,6
TEHALKA,6
HINDU,6
BANGALORE,6
VIRESH,5
BASIC,5
EK,5
RACING,5
SAMPARK,5
GWALIOR,5
BUILDING,5
FAMILY,5
PHYSICAL,5
KAL,5
MANDAL,5
ANTI,5
INSIGHT,5
NANDI,5
RAFTAR,5
VIR,5
LAKSHYA,5
TEACHER,5
CHAUGAMA,5
JUDGEMENTS,5
JHALAWAR,5
AWARENESS,5
MIRACLE,5
SEVA,5
POINT,5
MARKETING,5
CALLING,5
ILLUSTRATED,5
KOLHAPUR,5
R,5
JAG,5
STATESMAN,5
DO,5
ASTROLOGY,5
KALAM,5
AMBEDKAR,5
TECH,5
GROWTH,5
OPINION,5
HEALTHCARE,5
REGION,5
MAHAL,5
PHARMA,5
HOMES,5
TRUST,5
G,5
PURI,5
KABIR,5
SIMHAPURI,5
JOB,5
JUST,5
PRESENT,5
ENERGY,5
OIL,5
HALCHAL,5
DENTAL,5
AGRA,5
SCHOLAR,5
LOKHIT,5
PRAYAGRAJ,5
GOOD,5
KHUSRO,5
DASTAK,5
JOURNALISM,5
EXCISE,5
GOODS,5
TAJ,5
GURJAR,5
CHESS,5
LAXMI,5
PANORAMA,5
TELEGRAPH,5
AVIATION,5
AT,5
TIRUPATI,5
HEADLINES,5
JANMAT,5
SHIKHAR,5
ARTS,5
BLITZ,5
HEART,5
SARTHAK,5
CREATIVE,5
ABHI,5
SANCHAR,5
RASHTRAWADI,5
SIDDHARTH,5
DISHERA,5
READER,5
MACHINE,5
CHEMISTRY,5
SMALL,5
NAMASKAR,5
SAVDHAN,5
ARYAVART,5
PRODUCTS,5
USHA,5
HOSPITAL,5
INDO,5
KAILASH,5
VARTMAN,5
REVOLUTION,5
UNIVERSITY,5
PARYAVARAN,5
HAMARI,5
CLINICAL,5
SWASTHYA,5
OBSERVER,5
DERMATOLOGY,5
ALWAR,5
VADODARA,5
BIOLOGY,5
FORENSIC,5
SREE,5
HARSHIT,5
SANSANI,5
VASUNDHARA,5
ORISSA,5
STANDARD,5
LOKMAT,5
TAMIL,5
POL,5
AROUND,5
KOLAR,5
PANCHAYAT,5
RURAL,5
PRINT,5
VIDISHA,5
CRICKET,5
POPULAR,5
SARITA,5
AGNI,5
KANPUR,5
PHYSICS,5
ELECTRICAL,5
KAMAL,5
NAITIK,5
UJALA,5
PARTH,5
AJMER,5
PATEL,5
NUTAN,5
MOST,5
ABSTRACTS,5
JAGEER,5
AN,5
SANDAULI,5
KASHIPUR,5
YEAR,5
BHAVYA,5
PAL,5
PATRAKAR,5
TRENDS,5
OSHO,5
BORDER,5
CHILDREN,5
GURGAON,5
MONDAY,5
INDEPENDENT,5
ANALYSIS,5
MIRJAPUR,5
EXPOSE,5
LAHAR,5
REPUBLICAN,5
SURAT,5
SHABD,5
SINDHU,5
MOVIE,5
NEEL,5
MID,5
SHOPPING,5
SANKALP,5
JAMHURIYAT,5
KARM,5
MUDGAL,5
LONDON,5
SAKSHAM,5
QASMI,5
BOMBAY,5
VENUS,5
SMART,5
YOUR,5
PULSE,5
WITNESS,5
SUCCESS,5
ANDHERI,5
COUNTRY,5
TRUTH,5
PRAGATHI,4
GROUP,4
RAJA,4
OM,4
KESHAV,4
INTERIORS,4
VISHWAS,4
HARI,4
ANNALS,4
FILMS,4
SUNSHINE,4
MADE,4
TALENT,4
GAON,4
TOOLS,4
TRIBUNAL,4
U.P.,4
FARMING,4
EXPERIMENTAL,4
SENA,4
PATHOLOGY,4
APEX,4
SAFETY,4
JEWELLERS,4
SRISHTI,4
RISHI,4
MULNIVASI,4
DHARA,4
ABSOLUTE,4
RAIL,4
GANDHI,4
ADITYA,4
-,4
SHAHDOL,4
SALUTE,4
OVERSEAS,4
ARSH,4
HARSH,4
OUR,4
MATRIMONIAL,4
SHISHIR,4
VETERINARY,4
MADRAS,4
UTTRAKHAND,4
SALES,4
ULHAS,4
HOMOEO,4
HELPLINE,4
BALAJI,4
NAYAK,4
NAVEEN,4
ATMA,4
STUDENTS,4
COLLEGE,4
FORTUNE,4
EXIM,4
MUZAFFARNAGAR,4
MESSAGE,4
LION,4
ARUN,4
PRAVASI,4
SEEMA,4
HIM,4
ENGLISH,4
NAWAZ,4
THAKUR,4
WELCOME,4
NIRBHIK,4
SHINING,4
BEAUTY,4
HORTICULTURE,4
EDU,4
WAKE,4
OFFICE,4
PHILOSOPHY,4
NAAZ,4
LEATHER,4
JODHPUR,4
HUM,4
HIT,4
POETRY,4
BUNDELKHAND,4
SHIKHA,4
PARISHAD,4
MATHEMATICS,4
DIRECTOR,4
AMRAVATI,4
CARGO,4
AHEAD,4
JEWELLERY,4
SOURCES,4
INSAAF,4
MANUFACTURER,4
PICTURE,4
PLUMBING,4
SAMPURNA,4
BHAGAT,4
VAISHYA,4
DASHMESH,4
HUBLI,4
NAIMISH,4
POLICY,4
SUNNY,4
TUBE,4
GAUTAM,4
SURAJ,4
ZAMAN,4
AIR,4
SIRSA,4
KARNAL,4
JYOTISH,4
COMING,4
MORCHA,4
GRAM,4
AFRICA,4
JAY,4
AISHBAG,4
ISLAMIC,4
MEDI,4
WHO,4
MARATHWADA,4
NAVA,4
FRONT,4
JAMMU,4
TRACK,4
THOUGHTS,4
NINE,4
SWATANTRATA,4
NAVAL,4
COVERAGE,4
PRASHANT,4
COMMONWHEEL,4
SATPUDA,4
PARDAFASH,4
LOVE,4
LINK,4
ASHA,4
CANCER,4
HOLIDAY,4
VIDYA,4
RAVI,4
NIRMAN,4
AKSHARA,4
PATAN,4
NIRANKAR,4
NOBLE,4
RATAN,4
SARKAR,4
PROGRESSIVE,4
AMBIKA,4
DIN,4
RASTRA,4
JHANSI,4
MANAVADHIKAR,4
CHANNEL,4
PACKAGE,4
SIDDH,4
TEA,4
BHAGIRATHI,4
SUNRISE,4
CHANDRA,4
SUPPLEMENT,4
ADIVASI,4
DURGA,4
RECORD,4
SCANNER,4
MARINE,4
RELIABLE,4
MANGAL,4
FITNESS,4
PHARMACY,4
BALWAS,4
VATAN,4
SRINAGAR,4
BREAKING,4
HARDOI,4
SOMAN,4
DEENDAYAL,4
AKBAR,4
OCEAN,4
FOUNDATION,4
GIRNAR,4
QUEST,4
SPASHT,4
IDEAL,4
FAITH,4
ARCHITECTS,4
NAMASTHE,4
AMBALA,4
RAIPUR,4
DEVBHOOMI,4
NISPAKSH,4
SOUL,4
RAJYA,4
MAHA,4
KISHAN,4
SILK,4
CHAURI,4
CHAURA,4
SAMAR,4
INVESTORS,4
RANI,4
IMPRESSIVE,4
HIGH,4
DWARKA,4
BOL,4
COMMUNICATION,4
COURIER,4
SATELLITE,4
ABHINAV,4
CLUB,4
PRABAL,4
NORTHEAST,4
DIYA,4
SATYAM,4
MARATHI,4
PUMPS,4
FREEDOM,4
DILLI,4
FOREST,4
KAUSHAMBI,4
KHALSA,4
GENERAL,4
CHANNELS,4
SIKH,4
PASCHIM,4
LEAD,4
LUCKY,4
UPBHOKTA,4
RANCHI,4
PLAST,4
PRAYAS,4
ZONE,4
IT,4
SANGHARSH,4
PAHAL,4
DEFENCE,4
CONGRESS,4
OFFICERS,4
GODAVARI,4
INSIDE,4
PARIVAR,4
KARAMCHARI,4
INDORE,4
GREATER,4
SHARP,4
RED,4
JHARKHAND,4
ESTATE,4
SCIENTIFIC,4
WARIS,4
CAREERS,4
HILL,4
RETAIL,4
AYURVED,4
PRERNA,4
PRADESHIK,4
DRISHTI,4
VIJETA,4
WAY,4
AKASH,4
PARAKH,4
RESERVE,4
YALGAR,4
LAXMAN,4
LEGEND,4
PRABHA,4
SHEETAL,4
FORUM,4
GOVERNANCE,4
F,4
MESSENGER,4
COTTON,4
KIRAN,4
NIVIDA,4
HIRA,4
KSHATRIYA,4
ASHOK,4
ASSAM,4
BALAGHAT,4
STATES,4
NGO,4
TECHNICAL,4
WEB,4
REGIONAL,4
ELECTRONIC,4
RAJKOT,4
NIKHIL,4
SUMAN,4
DEVI,4
AAINA,4
JOSH,3
CLEAN,3
KIRTI,3
AADHAR,3
CARDIOVASCULAR,3
BOX,3
GODHRA,3
DAKSHIN,3
TEZ,3
CROSS,3
CONTEMPORARY,3
REGAL,3
MUSIC,3
KANCHAN,3
DHAKAD,3
SAHU,3
GALAXY,3
PRACTITIONER,3
KHAS,3
J.J.,3
UDAIPUR,3
BAZAR,3
SHAHR,3
MANU,3
DENTIST,3
DAWAT,3
FISHERIES,3
FARIDABAD,3
YUGANTAR,3
SEEMAPURI,3
SKILL,3
UTPRERAK,3
UMANG,3
VIRAJ,3
COMMENT,3
KNIT,3
BARODA,3
TRADER,3
PRACTICE,3
PRAVAKTA,3
KSHETRA,3
WIRE,3
VEGETARIAN,3
COMMODITY,3
UTTHAN,3
AKRUTI,3
QUICK,3
SAMARTH,3
GLORY,3
WARSI,3
SHEKHUKHERA,3
DISCOVER,3
KARNAVATI,3
INDIA'S,3
WOOD,3
DIRECT,3
SINGHAM,3
N.C.R.,3
INNOVATION,3
AGENDA,3
CONNECTION,3
KHOJ,3
BICYCLE,3
URMALIYA,3
HAQEEQAT,3
HEAD,3
NATIONALIST,3
LOHANA,3
TIMBER,3
KUNDAR,3
KANHAN,3
JUNED,3
IMMIGRATION,3
DISHA,3
GRAND,3
GANDHIDHAM,3
GANDHINAGAR,3
PATNAGAR,3
PROUD,3
INDEX,3
GARIMA,3
BANAS,3
BHARUCH,3
SONIYA,3
MURASU,3
FINE,3
PSYCHOLOGICAL,3
SPORTING,3
SAHYOG,3
NET,3
RAO,3
DHARTI,3
EVENTS,3
PRAKRUTI,3
CHHINDWARA,3
ARCHITECT,3
CERAMIC,3
MANOHAR,3
NOOR,3
SOCIOLOGY,3
SAFE,3
ROSHAN,3
TEJAS,3
HANDLOOM,3
WONDER,3
ZEALSMART'S,3
GIRIRAJ,3
COIN,3
PLANET,3
PRATHAM,3
SAMADHAN,3
YASH,3
GRACE,3
YADAV,3
HAWA,3
SATNA,3
NISHANT,3
ISHA,3
PAST,3
ROCKET,3
BEBAK,3
FATEHGARH,3
SOCH,3
JANPATH,3
PALPAL,3
TOUCH,3
SAMTA,3
SAKSHI,3
VEERA,3
JANANI,3
MADHU,3
BEKHAUF,3
LOKSATHI,3
SHAHAR,3
SIRONJ,3
JANADESH,3
KINGS,3
BIRSA,3
LOKSHAHI,3
TOHANA,3
SAURASHTRA,3
JEWAR,3
SANSKAR,3
CHARCHIT,3
UJJAIN,3
TRANSACTIONS,3
INTERNET,3
MINING,3
BRAHMAN,3
THUNDER,3
SARANSH,3
SULABH,3
VIDHATA,3
MOTOR,3
SKY,3
EXCLUSIVE,3
KHOJI,3
TABLE,3
SHRADDHA,3
APSARA,3
MAHAVIR,3
THINK,3
SAROKAR,3
FRONTIER,3
PRATIYOGITA,3
SABHA,3
JUNCTION,3
AWAAZ,3
GLIMPSE,3
DYNAMIC,3
NAMASTE,3
EXPRESSION,3
NAGPUR,3
NCR,3
MAHAKAL,3
JANHARSH,3
MAJOR,3
SHASHI,3
JABALPUR,3
VISUAL,3
JOHAR,3
SWARNIK,3
SITUATION,3
BHARATPUR,3
TURF,3
H,3
APKI,3
IRAM,3
SWABHIMAN,3
MANI,3
MUDDA,3
URJA,3
RAHAT,3
BAREILLY,3
PAEDIATRIC,3
BHOJ,3
HANDICAPPED,3
SHASAN,3
KAROBAR,3
BABA,3
WAHEED,3
MILLAT,3
DURGAPUR,3
KALYUG,3
UNITY,3
DARBAR,3
RAJPATH,3
NAVODAYA,3
MONEY,3
ASANSOL,3
JI,3
IMAGING,3
ARJUN,3
SIDRA,3
ADBHUT,3
HAKIKAT,3
WHO'S,3
KHULASA,3
YOGA,3
KIRANA,3
LAND,3
FACTORIES,3
GUARDIAN,3
HIGHLIGHT,3
HARIT,3
WAVE,3
PRIDE,3
YAM,3
SAHARANPUR,3
VIPUL,3
NATH,3
SHAN,3
HIMALAYAN,3
HAR,3
TAWAZUN,3
SUHAG,3
ENDEAVOUR,3
RUDRA,3
TRIPURA,3
MUKTI,3
MILLENIUM,3
SAJJAD,3
AWAZ-E-BHARAT,3
ARABIAN,3
MINORITY,3
CHAMBAL,3
BLUE,3
SEWA,3
SEVEN,3
VIDARBHA,3
GEOGRAPHERS,3
NANDED,3
EXPORTER,3
JAGRUTI,3
INGITA,3
CHA,3
SARHAD,3
SINDHI,3
SUGAR,3
ITS,3
AGRAWAL,3
CYCLE,3
INTELLIGENCE,3
MANISH,3
MANGALORE,3
AUCTION,3
24,3
KHEL,3
SUCHNA,3
ARVI,3
T.V.,3
CRITIC,3
LALKAR,3
KALASH,3
BHRASHTACHAR,3
UNIVERSAL,3
SHAURYA,3
ALIGARH,3
SHIVANI,3
KASGANJ,3
MOTION,3
AWAZE,3
PRATAP,3
BILASPUR,3
LOTTERY,3
CO-OPERATIVE,3
HOUSING,3
POORAB,3
BUILDERS,3
SHALOM,3
NAUJAWAN,3
MOHAN,3
SAMYAK,3
PROBLEM,3
AWAMI,3
SIRAJ,3
EXPLORE,3
RAIGARH,3
LIVING,3
MARIYAM,3
DINESH,3
BUDDHA,3
TOP,3
SERIES,3
HIMVANT,3
FRIENDS,3
KASHI,3
ELECTRO,3
RUBBER,3
SANSKRITIK,3
RAJANI,3
NANDAN,3
RAYON,3
SULTANPUR,3
PROCEEDINGS,3
SPECTRUM,3
MATHURA,3
SARAL,3
TOBACCO,3
NAGARI,3
UNNAO,3
ALLAHABAD,3
GUNHE,3
SHIMLA,3
BHU,3
SAHAB,3
KALA,3
HISTORY,3
OPERATION,3
SWADESHI,3
ORIENTAL,3
KANAK,3
QUIZ,3
AIM,3
SNEH,3
MARTIAL,3
SAFA,3
MARRIAGE,3
PULKIT,3
ISHAN,3
UNIVERSE,3
WEDDING,3
FIGHT,3
SMILE,3
NAVLOK,3
BUSHRA,3
JAGDISH,3
FAIZABAD,3
DENTISTRY,3
BHINGA,3
VANSH,3
CHAK,3
PRAYAG,3
SUFI,3
NIDAR,3
AWARE,3
VIKRAM,3
ADAB,3
COCONUT,3
OCCUPATIONAL,3
SOCIALIST,3
CHAKRA,3
JADID,3
SATARK,3
MALABAR,3
TRIVANDRUM,3
EUREKA,3
ENTREPRENEUR,3
PATNA,3
DOCTOR,3
SUSHILA,3
MAHAN,3
DAKSHA,3
TERRITORY,3
YOU,3
TAHALKA,3
MASSES,3
JANATHA,3
ELECTRICALS,3
VAARTHA,3
NEST,3
TARGET,3
PRASHASAN,3
THERAPY,3
RAIGAD,3
GONDWANA,3
SAINI,3
SANJ,3
LOKSHAKTI,3
IDEA,3
PRINCE,3
MARWAR,3
SITAPUR,3
JUDICIAL,3
TRACTOR,3
DIKHSUTCHI,3
UTKARSH,3
THAR,3
INSTRUMENTS,3
KUMAWAT,3
PARAMOUNT,3
HOTEL,3
NAZAR,3
BUREAUCRACY,3
HAQ,3
CABLE,3
FIT,3
HAM,3
MARXISM,3
ETERNAL,3
VALUE,3
BHUPATHI,3
NASHIK,3
PROBE,3
MATERIALS,3
HEALTHY,3
RIDA,3
BARAMATI,3
WEATHER,3
NIWAI,3
JODHANA,3
RIYASAT,3
PYRAMID,3
AUTOMOBILE,3
JUGAL,3
BHATNER,3
URGENT,3
RAJPUTANA,3
BIKANER,3
MADHYANCHAL,3
VIPRA,3
SCENE,3
JAINAM,3
GAPS,3
DAWN,3
SIYASAT,3
ITTEHAD,3
ARYAVRAT,3
DESERT,3
SUB,3
VINAYAK,3
MATA,3
POWERFUL,3
STREET,3
COOPERATIVE,3
ECHOES,3
FACTS,3
AKSHAR,3
MALKAPUR,3
TRIVENI,3
HORIZON,3
DESIGN,3
SAB,3
RAINBOW,3
BULDANA,3
NIYOJAN,3
KOKAN,3
VARTA,3
MANUFACTURING,3
RATNA,3
TIRANGA,3
CERAMICS,3
GARHWAL,3
CHAKRAVYUH,3
ONLINE,3
SHALIMAR,3
GONDIA,3
GANESH,3
WISDOM,3
WORK,3
DOABA,3
FOOTWEAR,3
BAJAJ,3
PARAS,3
MOMIN,3
WOMEN,3
POOJA,3
FEDERAL,3
RAKSHAK,3
STUDIO,3
RASTRIYA,3
NIRBHID,3
SCREEN,3
UNION,3
PUSHPANJALI,3
GENETICS,3
PROPERTIES,3
EDITION),3
PLASTIC,3
UDAAN,3
HFI,3
RAM,3
PARBAT,3
AWAZI,3
SUBE,3
GARIB,3
ANGLO,3
DIVAM,3
ERA,3
READERS,3
KENNEL,3
LAWS,3
VIZAG,3
DISNEY,3
DAHAD,3
TRAINING,3
CHARTERED,3
ACCOUNTANTS,3
REPUBLIC,3
DRUGS,3
TARAI,3
TAMILNAD,3
INDIAR,3
MARK,3
LALIT,3
MORADABAD,3
BELGAUM,3
BIOTECHNOLOGY,3
JUDGEMENT,3
RAYALASEEMA,3
SAMUDAY,3
PALAMOOR,3
TARANG,3
CATHOLIC,3
PROFESSIONALS,3
NAVDEEP,3
NADU,3
ALLIED,2
BHAWANI,2
SHANTI,2
PRIZE,2
ACADEMICS,2
BHANDARA,2
PRIZINDIA'S,2
PUBLISHER,2
KHANDESH,2
DEVGIRI,2
2000,2
VISA,2
SARV,2
POURAN,2
DESK,2
TOOL,2
ALIS,2
HINDUSTHAN,2
PAKISTAN,2
NEWSLINE,2
PRATIKRIYA,2
BERAR,2
JKB,2
ACTIVE,2
HANUMAN,2
MAKERS,2
ANATOMICAL,2
HARPAL,2
TEXTIL,2
JALNA,2
CARTOONISTSINDIA,2
BOTANICAL,2
LATUR,2
RUDRANSH,2
EXPAT,2
THOZHILALI,2
RAJRANG,2
SENIOR,2
FOLK,2
CHANDRAPUR,2
HOTELIER,2
SHOURYA,2
BETUL,2
BULDHANA,2
PRODUCTION,2
UDIT,2
KARWAI,2
ENTREPRENEURS,2
MALHAR,2
BEING,2
CHEMISTS,2
AAGAZ,2
PRANT,2
MANTRALAYA,2
DATE,2
JALGAON,2
APPAREL,2
HINGOLI,2
HARDWARE,2
NAZARIYA,2
RAAH,2
SANGAON,2
BHAGYA,2
RATHORE,2
VIHAN,2
KASABA,2
KLEU,2
UPNAGAR,2
ADALAT,2
CANON,2
BY,2
EAGLE,2
VYASPITH,2
MOTORIST,2
SKEPTICS,2
TEJ,2
SHOPPER,2
PARVATI,2
RECORDS,2
IAP,2
NAGRIK,2
ABSTRACT,2
RAILWAYS,2
ABHIMAN,2
NATIVE,2
SAMIKSHA,2
PAPERS,2
FARM,2
MATERIAL,2
AHILYA,2
NIGHT,2
RADIOLOGY,2
PT,2
RELATIONS,2
HOSPITALITY,2
GROUND,2
OSMANABAD,2
PHYSIOLOGY,2
BAR,2
EXPORTS,2
LIMRA,2
AZADI,2
VASAI,2
USER,2
RASHMI,2
JANSABHA,2
PARBHANI,2
KHABARDAR,2
PLANT,2
MERA,2
MASS,2
INSIDER,2
PREMI,2
MUMBRA,2
MEMBERS,2
PALGHAR,2
COLLEGES,2
CUSTOMS,2
SANKET,2
ADMINISTRATION,2
PARSHURAM,2
SATARA,2
SOLAPUR,2
BAGBAN,2
ONENESS,2
CHHATRAPATI,2
COMPANIES,2
FAME,2
BUILDER,2
MILITARY,2
HOTELS,2
ASSO.,2
ROSHNI,2
PANVEL,2
VIDESH,2
SATHI,2
BEDHADAK,2
TOOFAN,2
CRIMINOLOGY,2
SWARAJYA,2
W,2
READY,2
PREVENTION,2
KUNDALIKA,2
RESPIRATORY,2
KHARGHAR,2
ALFA,2
DUTY,2
PEN,2
ANURAG,2
SIKANDAR,2
SPICES,2
DISEASES,2
JOURNEY,2
NATURAL,2
INVESTMENT,2
FORESTRY,2
NAVIK,2
YEARBOOK,2
ENTERTAINMENT,2
PALIKA,2
KUTCH,2
UNANI,2
BRAVE,2
JAGO,2
SHAKTISHALI,2
PERIODICAL,2
UPHAR,2
TRANS,2
AMETHI,2
SOLAR,2
ASSIGNMENTS,2
YATHAVAT,2
ENTERPRISES,2
ADVANCE,2
TAPTI,2
MEMON,2
ALLROUNDER,2
UDGIR,2
YEH,2
SWABHIMANI,2
GODIYA,2
ROZIL,2
GAZI,2
HIDAYAT,2
SERIES),2
FAIR,2
EQUIPMENT,2
SAMPADA,2
SITARA,2
NOVELTY,2
PROCESSING,2
WILDLIFE,2
BHIND,2
PUKAR,2
RESOURCES,2
PRATINIDHI,2
TOPPERS,2
MEGHALAYA,2
IMPHAL,2
DIPLOMA,2
MYSTIC,2
INDIANTIMES,2
TENNIS,2
GAUR,2
BAUDDHA,2
PHARMACIST,2
WARDHA,2
WIDE,2
COMMODITIES,2
KAMGAR,2
TARUN,2
PULGAON,2
NANDURBAR,2
THROUGH,2
HOMOEOPATHY,2
ACT,2
KOYALANCHAL,2
REFORM,2
RASSAZ,2
TWO,2
INSTANT,2
RIGHT,2
RAJVIR,2
VIBRANT,2
TELEGRAM,2
EUROPEAN,2
LOKMUKH,2
SUNNI,2
SAMAJIK,2
PURE,2
MARCH,2
PORTS,2
PUNCH,2
KEER,2
ANUJA,2
GRAIN,2
SQUARE,2
HALDWANI,2
BIJNOR,2
ANKUR,2
BULANDSHAHAR,2
KUMAON,2
LODHI,2
RAMNAGAR,2
CHITRAKOOT,2
ZERO,2
ADITI,2
HANU,2
AROHI,2
ALAKH,2
ETAH,2
PRIYANK,2
NAMBARDAR,2
DIL,2
ANTRISHA,2
PRAVARTAK,2
KAUSHAL,2
JAL,2
JALA,2
KESAR,2
KHUSHBU,2
BAUGHPAT,2
PRATIBHA,2
ELORA,2
NILAY,2
DEMOCRACY,2
BANDA,2
PRAGATISHEEL,2
NEUTRAL,2
AFREEN,2
YUVRAJ,2
NANO,2
SABIR,2
ETAWAH,2
SARYU,2
GOPAL,2
MUKUL,2
POORNA,2
RENUKA,2
PARAM,2
LEELA,2
RUHELA,2
CLUE,2
GLORIOUS,2
V,2
GHAZIABAD,2
MAYAPUR,2
HEADLINE,2
POORNAGIRI,2
SAHITYA,2
IDEAS,2
KATYAN,2
NIWAN,2
FATEHPUR,2
PULP,2
DEJI,2
VIRLA,2
TEJASVI,2
BHRIGU,2
DHAM,2
MANOJ,2
YARANA,2
KUTUMB,2
JANPAKSH,2
KARAULI,2
IMPACT,2
ANGEL,2
THAULDHAR,2
CAPTAIN,2
KESARIYA,2
BIRBHUM,2
SUDHA,2
AFTAB,2
STAMP,2
BRIDES,2
BUYERS,2
ANNA,2
INSURED,2
MOGAPPAIR,2
HOT,2
VELACHERY,2
WOMENS,2
HOWRAH,2
KOLKATA,2
ADYAR,2
(INTERNATIONAL,2
TONIGHT,2
DELTA,2
NIRMANAM,2
KOVAI,2
TULIP,2
LEAGUE,2
SAKSHAR,2
RISE,2
SAILOR,2
KUMARI,2
FAIRS,2
BHANDAR,2
AMBATTUR,2
PADI,2
NUNGAMBAKKAM,2
JOLLY,2
ADD,2
GNANA,2
ASPIRE,2
BROADWAY,2
INTEGRATED,2
JANA,2
KALVI,2
BAZAAR,2
OPHTHALMOLOGY,2
OLYMPIC,2
TUSHAR,2
SHAKTHI,2
HANSINI,2
HINDUSTANI,2
AJAY,2
BENEFICIARY,2
SHRUTI,2
DUM,2
PURULIA,2
CHAYAL,2
RICE,2
AADITYA,2
FOUNDRY,2
VISTRIT,2
VIDYANAGAR,2
NIRJHAR,2
GARVITA,2
VELLORE,2
SAMARITANS,2
NAMADHU,2
AYURVEDA,2
"YESTERDAY,",2
INDIA:,2
COMMUNICATIONS,2
ARASIYAL,2
HAMAR,2
UPADHYAY,2
PANDIT,2
EDITION,2
NAMATHU,2
ADULTERATION,2
ASTROLOGICAL,2
HARE,2
UNGAL,2
NAMMA,2
ARMAN,2
YUGNAV,2
TEX,2
DHARMA,2
VINDHYA,2
ANUPAM,2
HARYALI,2
KARGIL,2
FAMOUS,2
SUBHASH,2
JIGYASA,2
TRIMURTI,2
UDYAMI,2
SARVA,2
LAWYERS,2
RAGHUVANSHI,2
LEGACY,2
CHAUGAWAN,2
DEVARSHIH,2
SASHAKT,2
KUSHAGRA,2
LARI,2
CITYZEN,2
VIKENDRIT,2
HARORA,2
DEOBAND,2
DEEPRAJ,2
WRITERS,2
WORKERS,2
RAJWADA,2
ROORKEE,2
WIN,2
SHUBHANJALI,2
PRAJATANTRA,2
RAMPUR,2
FIVE,2
HASAN,2
AVIRAL,2
LOKSATTA,2
BHOO,2
ABHA,2
DILARI,2
SAARC,2
NARAYAN,2
SKYLINE,2
IRON,2
KHALEEJ,2
SOCIETY'S,2
BOLI,2
KHALID,2
VIPIN,2
SAMUH,2
ALI,2
BALDEO,2
SHIPRO,2
TARA,2
ALAMI,2
WEEKEND,2
PAIGAM,2
ABHAY,2
MANSOORI,2
PASHCHIM,2
BAL,2
HUNGAMA,2
BALLI,2
NEELAM,2
SUNEHRA,2
MOVIS,2
JANESHWAR,2
NIRDOSH,2
SANGH,2
KASHYAP,2
PUSHKAR,2
PARVAT,2
BEYOND,2
KALYANI,2
SHARIK,2
CHHUTMALPUR,2
PATHSHALA,2
BHAGWAT,2
BHOLE,2
KANIKA,2
KORA,2
KAGAJ,2
LEISURE,2
SUGANDHA,2
VISHVA,2
SADBHAV,2
CHARDHAM,2
VISHWAVANI,2
HASRAT,2
CHAMOLI,2
SANGRAM,2
KHET,2
ARVAACHEEN,2
BAKSHI,2
VIDHI,2
JASPUR,2
VIVIDH,2
VISHWAKARMA,2
JAUNPUR,2
GORAKHNATH,2
GORAKHDHAM,2
CAMPUS,2
RAPTI,2
ALKA,2
DRON,2
PRIYADARSHAN,2
PYARA,2
AKELA,2
JALAUN,2
BADRINATH,2
JASUSI,2
VIDHAN,2
PREET,2
WINNER,2
GRAMEEN,2
ANANDESHWAR,2
BULLET,2
VIVIECHNA,2
INDRAVATI,2
SAMAJVAD,2
DILIP,2
KANWHIZ,2
SHYAM,2
HONEST,2
ANSAR,2
RUCHI,2
RAMESHWARAM,2
ZOYA,2
HARISH,2
SARVODAY,2
ANAS,2
GANINATH,2
ANWARUL,2
YOUTHMANCH,2
PARI,2
MANVADHIKAR,2
RUMI,2
VARANASI,2
PRISM,2
PUBLICATION,2
M.T.,2
ASHUTOSH,2
MAU,2
SHAIKSHIK,2
PUBLICITY,2
AJATASHATRU,2
SWAR,2
BISWAN,2
SHATRANG,2
KALBE,2
ABID,2
NIRVAN,2
APPLIANCES,2
SEED,2
INLAND,2
ZEENAT,2
FIGHTER,2
CHAITANYA,2
KAMATA,2
PUR,2
BELIEVE,2
BAAT,2
SHRAMIK,2
BABASAHEB,2
CLASSIFIED,2
GALAV,2
BODHISATVA,2
WAQF,2
SUNWAY,2
FACE,2
MEDICINES,2
SURAKSHA,2
AKHAND,2
CHHATRASAL,2
KALCHURI,2
JOURNALISTS,2
STATUTES,2
ARBITRATION,2
DECISIONS,2
SIDDHI,2
HALAT,2
ABHIVYAKTI,2
DANCE,2
EXCELLENCE,2
PARWAZ,2
ALPHA,2
TRANSFORMING,2
WINNING,2
STARS,2
DAMDAR,2
ENTOMOLOGY,2
LOHIYA,2
MACHKUND,2
ALLIANCE,2
NIT,2
CLUBS,2
IS,2
TATKAL,2
NADAR,2
MANDSAUR,2
SAFEER,2
SEE,2
DEVENDRA,2
SANSKARDHANI,2
SECTOR,2
ARCHITECTURAL,2
GEOSPATIAL,2
PATIDAR,2
MORENA,2
CHANGE,2
KURAL,2
ANCHALIK,2
RANGREZ,2
VASTU,2
NARMADA,2
AGRAHARI,2
SANITATION,2
NIRMAL,2
PADMINI,2
BAJRANG,2
SHIVNERI,2
SADHANA,2
ECO,2
SHOLE,2
ALMA,2
SPARK,2
QUEENS,2
AVAM,2
NAM,2
CIRCLE,2
SARTAJ,2
KANTHAL,2
MA,2
LITERARY,2
PROSPERITY,2
VEENA,2
AGRANI,2
COMPUTRADE,2
ORGANISATION,2
MAKE,2
PANCH,2
SANJAY,2
AYESHA,2
NARMADANCHAL,2
CONCEPT,2
APPOINTMENT,2
SAMRUDDHA,2
Z,2
KAROND,2
RFP,2
HISTORICAL,2
BIOCHEMISTRY,2
IMMUNOLOGY,2
SIGMA,2
FIZA,2
TELEMATICS,2
LINGUISTICS,2
AFRICAN,2
AMC,2
ANJALI,2
AASRA,2
KHAND,2
HAFSA,2
JANSAMPARK,2
NEMATOLOGY,2
ARPITA,2
ARCHIVES,2
BIO,2
BUDDHIST,2
ROUNDUP,2
PRANAYA,2
BURNS,2
TANKAR,2
SCI.,2
CENTURY,2
MARTIN,2
REFERENCE,2
GHATI,2
GOVIND,2
SMRITI,2
HAND,2
PAGE,2
FILE,2
KEE,2
MANCH,2
COMPANY,2
PUBLISHING,2
COMMISSION,2
AWARDS,2
MADIHA,2
INCREDIBLE,2
MATURE,2
JANPAD,2
ANTHROPOLOGICAL,2
VASTAV,2
JANDHARA,2
OTHER,2
UDAN,2
APNA,2
BRIDGE,2
SHARMA,2
THIS,2
OPTICIAN,2
JAYCEES,2
COLOURS,2
NAVED,2
NEEMUCH,2
ESSENTIAL,2
WRITER,2
NEED,2
EVAM,2
MARITIME,2
MEDICS,2
INVESTMENTS,2
TEXTILES,2
CHKRUTH,2
MAYUR,2
ANKIT,2
AGRASEN,2
NOVEL,2
RAJAKEEYA,2
PETROLEUM,2
BIBLE,2
DALITODAYA,2
LIBERTY,2
ENQUIRER,2
OPPORTUNITIES,2
SILVER,2
SAIMA,2
FORTNIGHTLY,2
MEWAT,2
JAHNUMA,2
DAKSH,2
PRAVESH,2
VOTER,2
VANDANA,2
DHOLPUR,2
WINDOW,2
HALDHAR,2
HAWAMEHAL,2
SCENARIO,2
RAJASATHAN,2
FAUJI,2
PARENTS,2
DIABETES,2
HOPE,2
KOTA,2
SWADESH,2
ISRAEL,2
CHINA,2
DREAMS,2
AAPKI,2
L,2
GASTROENTEROLOGY,2
BANJARA,2
UNIV,2
DIMN,2
NEUROSCIENCES,2
YESTERDAY,2
NIZAMABAD,2
LADIES,2
FLORICULTURE,2
PRODUCT,2
NURSERY,2
AMDAVAD,2
EVERGREEN,2
HADOTI,2
NIRALI,2
KAYASTHA,2
MITRA,2
MEGHDOOT,2
SENSE,2
ANTODAYA,2
GOODLUCK,2
SHEKHAWATI,2
RUPANA,2
FRANCHISE,2
PERSONAL,2
IRA,2
DEOLI,2
INDIGENOUS,2
SOMNATH,2
BHAGYANAGAR,2
PRABHATAM,2
ABN,2
SE,2
WORD,2
MEN,2
UNLIMITED,2
DOCTORS,2
CAR,2
MALWA,2
ENTRANCE,2
DABRA,2
SAMAGRA,2
NIHARIKA,2
LOCATIONS,2
ROHAN,2
KHOL,2
COLORS,2
ADMINISTRATIVE,2
PATALKOT,2
LA,2
DECENT,2
AMBAR,2
PRAKASHAN,2
AGAR,2
MARWAD,2
RAISEN,2
RAJGARH,2
RATLAM,2
REWA,2
INVESTIGATOR,2
SANJEEVANI,2
RAHI,2
TALASH,2
SEHORE,2
ALFAJ,2
REPORTERS,2
ORCHHA,2
TIKAMGARH,2
NAGDA,2
STING,2
COM,2
ADVOCATE,2
ARADHANA,2
AHLUWALIA,2
MADHUBAN,2
RECENT,2
WEDNESDAY,2
SIROHI,2
AMULYA,2
ROZGAR,2
VA,2
SARVADHARAM,2
MAL,2
BHRAMAN,2
SACHCHAI,2
DEHAT,2
WAGAD,2
M.P,2
YOG,2
KHUKHRAIN,2
PONDY,2
SANJIVNI,2
AMRITSAR,2
KHABRON,2
BOTANY,2
PAR,2
JANGATHA,2
KAINAT,2
JIVIKA,2
KOPAL,2
MALAJPURE,2
CLASSICAL,2
MUSKAN,2
AD,2
FORTUNER,2
JUJHAR,2
SARVODAYA,2
CEMENT,2
LAKSH,2
SOWBHAGYA,2
KRUSHI,2
BIZ,2
DIG,2
FOOT,2
SALAR-E-AWAZ,2
WEAR,2
SULTAN,2
BIDAR,2
BELT,2
BLACK,2
SAHIB,2
INDIRA,2
PRINTING,2
PROFESSIONAL,2
GAURSONS,2
TATANAGAR,2
AWAZ-E-JAHAN,2
CLINICS,2
LIG,2
LIMITED,2
ALERT,2
PARAMHANS,2
MONA,2
DESHWAL,2
SARASWATI,2
REFLECT,2
JASARAT,2
PISTONS,2
CHOTANAGPUR,2
AMBER,2
SADBHAWNA,2
NAVSARI,2
BRAHMA,2
KARMYOGI,2
SAARTHI,2
ATAL,2
GURUKUL,2
SANSKARAN,2
7,2
DAYS,2
SOUTHERN,2
SAMAYA,2
PRIYANKA,2
QUATERLY,2
JAMNAGAR,2
VIDROHI,2
GEOGRAPHICAL,2
MICROBIOLOGY,2
EVEREST,2
TANTRA,2
SRIJAN,2
MOOK,2
DON,2
INTER,2
TARAPUR,2
TRANSFUSION,2
VIJAPUR,2
AWAZ-E-MARKAJ,2
GOSWAMI,2
PATLIPUTRA,2
PRACTITIONERS,2
VIDEO,2
GENERATION,2
NRI,2
BLOOD,2
JEE,2
MALL,2
CARD,2
AWAZ-E-DOST,2
NIYANTRAN,2
NAYE,2
YODHA,2
SATLUJ,2
MAJDOOR,2
MAYOR,2
INQUILABI,2
TRANSPARENCY,2
MAGADH,2
JAFARI,2
OJASVI,2
CHAND,2
SUMIT,2
SHELLAC,2
SCOOTER,2
VASISTA,2
MINORITIES,2
RANA,2
MINERALS,2
CRAFT,2
RAJNEETI,2
KANNADA,2
24X7,2
ICONIC,2
RAI,2
ANUBHAV,2
BHRASTACHAR,2
LOTUS,2
WING,2
PREMIER,2
KARAN,2
PEARL,2
VISAKHA,2
CHECK,2
AGRI,2
KHATIK,2
SURGEONS,2
TUMKUR,2
DEEPAK,2
ROZANA,2
BABYIAN,2
DHARAM,2
GOBIND,2
PALAM,2
GUILDS,2
PREVENTIVE,2
MITHILANCHAL,2
KUBER,2
GOMTI,2
MRIDUL,2
PRATIK,2
KHANKHATI,2
JANPRIYA,2
UTKAL,2
POLYMER,2
MONGHYR,2
COASTAL,2
MALTI,2
HASSAN,2
SILCHAR,2
TIMEPASS,2
CACHAR,2
HILLS,2
MYSORE,2
TECHNOLOGISTS,2
INDUS,2
PANCHMAHAL,2
SHAILESH,2
ASSOCATION,2
SIMLA,2
BEGUSARAI,2
CAUVERY,2
SATH,2
BULANDI,2
GULBARGA,2
UNA,2
ASPIRANTS,2
DESHAM,2
LOGISTICS,2
UPLIFT,2
ALP,2
DEESA,2
JAHAN,2
ARIHANT,2
GEETA,2
VANAKKAM,2
ISPAT,2
LAL,2
MAHASHAKTI,2
AASHIRWAD,2
AHIMSA,2
SANJIVANI,2
PARWANA,2
AMBASSADOR,2
AREA,2
WADI,2
FARMER,2
BHILAI,2
LOGO,2
SILICON,2
GOBAR,2
TALKS,2
KANSARA,2
IQBAL,2
JANSAGAR,2
BANGO,2
STORY,2
ASTRO,2
GREATEST,2
SHATABDI,2
KORBA,2
VALMIKI,2
MASHRIQI,2
KARTAVYA,2
MALA,2
JAT,2
KHILAAF,2
AMRELI,2
ZOOLOGY,2
KATHUA,2
SAINATH,2
PANJAL,2
PIR,2
GEO,2
GIRIBAL,2
MASHAL,2
VARACHHA,2
RATION,2
KUPWARA,2
SARTHI,2
HERO,2
AAZADI,2
DUKHI,2
J,2
VALVES,2
UNBOUND,2
DHAR,2
CHAPTER,2
ROJGAR,2
BANGLA,2
LEH,2
DAYA,2
AIRPORT,2
JALAJ,2
RATANGARH,2
NANDGAON,2
MADHUR,2
HAMARE,2
TAWI,2
AJ,2
VAISHNAV,2
BUDGET,2
PEOPLE'S,2
DAHOD,2
HIGHER,2
GHAR,2
MILI,2
RAJPUT,2
FRIEND,2
JANLOK,2
POLKHOL,2
PRABHU,2
EVERY,2
UPEKSHIT,2
OPTICAL,2
AWAZ-E-HIND,2
PLAZA,2
VICHARANCHE,2
EROS,2
KIDS,2
VIGILENCE,2
KALP,2
SUNIL,2
BHAKTI,2
WAZIRPUR,2
DIWAKAR,2
WE,2
WHAT'S,2
PRABUDDHA,2
VIHAR,2
AWAZ-E-IMROZ,2
AWAZ-E-NAU,2
SWEET,2
SPEECH,2
JINENDRA,2
KHUDRATI,2
TECHNO,2
MOVING,2
EARLY,2
APOLO,2
CHAMUNDA,2
TIBBI,2
JALANDHAR,2
PROMOTION,2
JAMBU,2
BASTAR,2
BHAVNAGAR,2
TEACHERS,2
SWARN,2
SUVARNA,2
GARVI,2
CHITRANSH,2
VANIK,2
NEEDS,2
MAHUVA,2
PALITANA,2
INCORPARTING,2
CHANDLODIA,2
DAMAN,2
RANIP,2
ARVALLI,2
SME,2
RITU,2
SPIRIT,2
PUSHP,2
AWAZEN,2
BEDHARAK,2
ZULM,2
KHULI,2
JANADHIK,2
PEHLI,2
BAHU,2
COSTA,2
SANATAN,2
KHATRI,2
HOLKAR,2
SHEVGAON,2
TALUKA,2
AAPLA,2
CYBER,2
NETAJI,2
MATRABHUMI,2
CHIRAG,2
SADHNA,2
NAINA,2
NEWSMAKER,2
VAIDIK,2
KRISAK,2
AAPKA,2
HANSI,2
RAKSHA,2
KOHINOOR,2
VRUTTA,2
ADAM,2
AARADHYA,2
SHIPRA,2
RHOKTHOK,2
PATIL,2
NASER,2
POORVI,2
EXPOSITOR,2
BHAGAVAN,2
YOUNGISTAN,2
EVERYDAY,2
SWORD,2
NUCLEAR,2
JANATECHA,2
MANSURI,2
SHANTHI,2
CHILDRENS,2
INSTITUTIONAL,2
M.A.C.,2
EXAMINATION,2
SUR,2
GANGAPUTRA,2
SHADAN,2
JHAJJAR,2
GULF,2
HISAR,2
SAHAYADRI,2
AJANTA,2
PAN,2
SRUSHTI,2
CONCERNS,2
ROUNAK,2
ENVIRONMENTAL,2
JAAT,2
VALSAD,2
WOOL,2
NASHEMAN,2
TRADERS,2
AURANGABAD,2
ARUNODAY,2
JAPAN,2
DWEEP,2
RANBHUMI,2
BADNERA,2
CHOWK,2
CHINESE,2
SHAHEER,2
DEENU,2
ABHISHEK,2
ADITHYA,2
KEERTHI,2
VIDHARBHA,2
CO,2
MAT,2
SUPERKIDZ,2
TADIPATRI,2
SANGHA,2
VIVEK,2
METALS,2
FORBES,2
PUNARJAGRAN,2
MELGHAT,2
BIOLOGICAL,2
RIVER,2
DR.AMBEDKAR,2
O,2
SPIRITUAL,2
CHETANA,2
YOGIC,2
SUDHARAK,2
POLLUTION,2
OMKAR,2
PROGRAMME,2
SENINDIA,2
BULLION,2
CHARMINAR,2
ABHIYANTA,2
RIYAZ,2
ADHUNIK,2
OBSTETRICS,2
COSMO,2
GYNAECOLOGY,2
WEAVERS,2
RATIONALIST,2
WARUD,2
SHIRDI,2
ASSN.,2
DOOT,2
AANDOLAN,2
CHETAN,2
BOLLYWOOD,2
GUNTUR,2
LTD,2
HALL,2
SON,2
GRAH,2
PAVITRA,2
AMBULANCE,2
JUGNU,2
KHAMMAM,2
BIC,2
PASAND,2
SOLUTION,2
CHARHDIKALA,2
KURNOOL,2
(CRIMINAL),2
ANAESTHESIA,2
SHLOK,2
QUTUB,2
MALAR,2
BEATS,2
DEVKI,2
BROADCAST,2
JAMUNAPAR,2
SAHEED,2
SCHOOLS,2
WARTA,2
PRAJAPATI,2
LEARNING,2
EXPLORER,2
INTELLECTUAL,2
HASHMI,2
VISHWADHARMA,2
LUNG,2
IMPORT,2
STYLE,2
BRAHM,2
ARAVALI,2
PACK,2
CSR,2
RAMA,2
GAGAN,2
KALINGA,2
ASIAD,2
BIJAPUR,2
MANA,2
EXPO,2
JEWEL,2
TAWAKKAL,2
FABRICS,2
ASHOKA,2
HALLA,2
SNEHA,2
JAMA,2
ROHTAK,2
PRACHEEN,2
ORIENT,2
NAVYUG,2
GERIATRICS,2
MODELS,2
JANJAGRAN,2
WHITE,2
VADIYON,2
DESHA,2
IMPARTIAL,2
MOMENT,2
MAITRI,2
KARMACHARI,2
D.,2
MAKKAL,2
P.,2
CHHOTA,2
KHETESHWAR,2
JUNOON,2
W.,2
ISLAND,2
GST,2
TRAVANCORE,2
ADVANCEMENT,2
GOSPEL,2
G.T.B.TIMES,2
AMARAVATI,2
ZALAWAD,2
SAYAJI,2
READING,2
APNI,2
AYURVEDIC,2
ANDAMAN,2
SHABAAS,2
BHAICHARA,2
SPORT,2
MANGLA,2
YAMUNA,2
LOKMADHYAM,2
BRAND,2
FORWARD,2
KAITHAL,2
MOURYA,2
GULSHAN,2
TRICHUR,2
FRAME,2
C.,2
LIMBDI,2
JORAVARNAGAR,2
UJJWAL,2
DISCOVERY,2
GOUR,1
SANGHARSHACHA,1
CHINCHWAD,1
SABAR,1
H.F.I.,1
TIRTH,1
CAM,1
KHILAF,1
LIPTON,1
KARMACHARYANCHA,1
DAYARE,1
CHOURANGEE,1
CONSTRUCTIONS,1
NAGARIK,1
JAGRUKTA,1
BHARATKHAND,1
ALIPURE,1
MASIHA,1
MANN'S,1
CHINAL,1
SANTAL,1
SEN,1
PARIBHARMAN,1
FATS,1
O.B.C.,1
HIMRAJ,1
PIMPRI,1
BHILISTAN,1
OILS,1
LOGON,1
ZAMIR,1
CASTING,1
AWAZ-E-WATAN,1
FEMALE,1
PARGANAS,1
SHOLA,1
VERDICT,1
EARTHIK,1
YUVAK,1
BJP,1
SADAKAT,1
DALYUS,1
VAANI,1
AWAZ-E-AALAM-E-ISLAM,1
MAGIC,1
PUNERI,1
PHARMATRENDZ,1
QUREISHI,1
SARVANCHA,1
NEETI,1
MANACHA,1
VARHADI,1
TOMORROW'S,1
TECHNOLOGIES,1
DNYANESHWARI,1
KHALAM,1
RAYATECHA,1
GRAMASTHA,1
NAWAZISH,1
NAGARNAR,1
KHALAQ,1
KARNATAK,1
NALGONDA,1
GUNJ,1
PALLE,1
KHOF,1
JANADHAR,1
BE,1
AKSHAY,1
MILLING,1
PROFIT,1
MARATHWADYACHA,1
SHETKARYANCHA,1
PRAJALA,1
LOKAWAZ,1
SAMRATH,1
JAMUI,1
PARAPSYCHOLOGY,1
PUTRACHA,1
SWAMINICHA,1
NIGHA,1
ANAKAPALLI,1
DEOGIRICHA,1
SRIKAKULAM,1
VISWAM,1
EVANGELIST,1
AVISHKAR,1
SIKKOLU,1
UDDANAM,1
HADKAMP,1
ROJGAAR,1
AKOLACHA,1
OBC,1
MAHAPRASTHA,1
KOSAM,1
KAYDYACHA,1
BATMICHA,1
CHAITHANYAM,1
MAJLIS,1
BHATMICHA,1
SARAN,1
ALPSHANKANYAK,1
JANEKTA,1
VASAVI,1
AWAZ-E-HARYANA,1
SHAHPUR,1
SANWAD,1
YUVAKON,1
SHIKALGAR,1
ZAMIDAR,1
KANINA,1
CHOUFER,1
NARWANA,1
BARWALA,1
RADIANT,1
AAJKER,1
BHIWANI,1
MANNAT,1
BERHAMPORE,1
KHARA,1
HI,1
KHARAGPUR,1
MEDINIPOR,1
BIPLABI,1
NARAINGARH,1
PHONE,1
CARRIERS,1
MALDA,1
TAXMAN'S,1
FALTA,1
DINI,1
AEROMODELLING,1
ASHMITECHA,1
SUNTODAY,1
UT,1
AWAZ-E-GUJAR,1
FORGINGS,1
HAQNAWAZ,1
TIDING,1
CHENAB,1
PURAPALAKA,1
PRAKASHDEEP,1
BARSAGEER,1
SHYAHI,1
CARDIOLOGY,1
STAMPS,1
DHARDAR,1
AMRAVATHI,1
RAIGANJ,1
AMS,1
LATURCHA,1
SATYACHI,1
UDGIRCHA,1
SATYCHI,1
DESIGNER,1
SANJHA,1
ANIVESH,1
OPTOMETERY,1
VARISHTH,1
SOAP,1
3,1
JOURANL,1
MODELLER,1
INCOPORATING,1
@,1
2001,1
TEENAGER,1
JOURNALOF,1
BUYER,1
ANIMATION,1
AQUAFARM,1
PROJECTS,1
HUMANIST,1
KRUNCH,1
MATRIX,1
RIGHTLY,1
INVEST,1
(TOMORROW'S,1
TODAY),1
HDFC,1
INSTT.OF,1
AGRICULTURIST,1
YEOLA,1
GEOHYDROLOGY,1
JAGAR,1
RECITE,1
TRIMBAK,1
HINGNA,1
REALITY,1
NEWSMAKERS,1
NEWMAN'S,1
PSYCHSTECENIQUES,1
BRADSHAW,1
FOURESS,1
SPIRITUALISM,1
JOURNALS,1
DEVELOPMT,1
POLSON,1
SECURITIES,1
BLD,1
AAMADAR,1
ST,1
UNIT,1
PENTECOST,1
SERIAL,1
JESUS,1
MALAYALAM,1
BEARING,1
TRENDING,1
JEEVANADI,1
MANADA,1
MALENADU,1
RAMANAGARA,1
BHARGAVA,1
SUDDIGARA,1
PETCARE,1
OUTDOOR-TODAY,1
POP,1
BROCHURE,1
AHEMADNAGAR,1
MOTALA,1
EARNINGS,1
SHIPAI,1
AIRMAN,1
SPACEMAN,1
WORE,1
INTERIOR,1
CURATIVE,1
WELDING,1
OTOLARYNGOLOGY,1
LAWQUATERLY,1
JOUR,1
AMUSEMENT,1
INST,1
DHARANGAON,1
WB,1
ZEEL,1
SONAWANE,1
CONGRES,1
MARMIK,1
COLOPROCTOLOGY,1
JAINTODAY,1
PRAYA,1
SOUMYA,1
CANVAS,1
MANKIND,1
ZAREEN,1
CLIK,1
RESURGENT,1
ALPASANKHYAK,1
YUMNA,1
KACHI,1
ASTROLOGYWB,1
INFOINDIA,1
SHANKHNAD,1
AQUAMAN,1
RAJNITI,1
HALLOW,1
"YOGA,EXERCISES",1
GEOLOGY,1
METALLURGY,1
SHUDDHI,1
FARMER'S,1
GOVERNANCE(CBPBU),1
SHRISHTI,1
GLOURIOUS,1
NIROGI,1
ARBAAZ,1
CONFIDENCE,1
KANISHK,1
PRASANNA,1
GITIKA,1
TEMPERANCE,1
GHANASHYAM,1
SANABBAR,1
ULFAT,1
CLIP,1
SHAHID,1
SHEET,1
ARAB,1
VAMIKA,1
EYEWITNESS,1
FUEL,1
INDIA-ALL,1
JAINISM,1
MIZORAM,1
ZOMI,1
ZOGAM,1
BRIDGETOWN,1
BYLANES,1
BEARINGS,1
AAROGYAM,1
ACUPUNCTURE,1
(JAAT),1
SINDHUDURG,1
PHALTAN,1
NEWSMANTRA,1
TODAYKONKAN,1
(IHRLR),1
MUSEUM,1
SATYANVESHANAM,1
BECK,1
ISKCON,1
TNT-THE,1
LAWNGTLAI,1
TRIKAL,1
ANUPPUR,1
INAYA,1
ALMANAC,1
CRUISER,1
JOURNAL&,1
CHEMICALS,1
SENATE,1
RAJMAT,1
REVIEWER,1
WATCHMAKERS,1
MUJRIM,1
TAZA,1
GOSSIP,1
ANGAR,1
TRAFFIC,1
EXCHANGE,1
FT,1
KHADAN,1
IMPRESSIONS,1
IIC-INDIAN,1
KARAK,1
ARERAJ,1
NNF,1
JAHRKHAND,1
PURNIA,1
MEDGATE,1
AWAZ-1-KHUKHRAIN,1
PHYSICIAN,1
AWAZ-E-MAZDOOR,1
USTAD,1
SHEPHERDS,1
NEWSWIRE,1
VACCINATION,1
AWAZ-E-QAUM,1
ABHED,1
MORE,1
GAZALA,1
PIDHI,1
MASIHI,1
SONEY,1
DARIYAPUR,1
NISHTHA,1
COPS,1
SMARTCITY,1
MITHILA,1
ORTHOPADICS,1
SEEMANCHAL,1
ANUSACHIVYAI,1
TOMMROW,1
SABO,1
MOTHERR,1
SABON,1
VAISH,1
PAEDIATRICS,1
SOFTWARE,1
VIDHIMAAN'S,1
NAWAZ-E-WAQT,1
WHEELERS,1
SCANING,1
TEENS,1
ROOHANI,1
AAWAZAHAM,1
IPGA,1
HISTORICA,1
MT.,1
HRA,1
CHHATRON,1
WIRELESS,1
AAJTAK,1
INN,1
EXAMS,1
BURAIYON,1
EDUSYS,1
ANUBHUTI,1
FICTION,1
GLAMOUR,1
MONGOLIA,1
BANJARON,1
AWAHAN,1
KHUKHRAYAN,1
POSTMEN,1
GAREEB,1
REFRESHNER,1
SHUBH,1
HINDUISM,1
LEARNER'S,1
SHOSHAN,1
WIT-TODAY,1
CRAZY,1
BHELAURIYA,1
TAKAT,1
MEDIHEALTH,1
PURAVE,1
DIOMOND,1
OBS.&GYNAE.TODAY,1
NETWORKING,1
JAMHOORI,1
AAWAZ-E-BULAND,1
MODLING,1
USMAN,1
JADDEED,1
KAYANAT,1
TODAY-SR.SEC.,1
LEADERS,1
PUMP,1
BLUSTER,1
GURUGRAM,1
CUTTING,1
LACONIC,1
SHIVANSH,1
CLIPPINGS,1
VADPRAD,1
THANGADH,1
COLLEGION,1
APPRENTICE,1
PANAMA,1
YES,1
GRMAPHONE,1
DHRANGADHARA,1
VYARA,1
KINDLE,1
FINMART,1
OUTLINE,1
ADMNISTRATION,1
CHEEKA,1
REPRODUCTIVE,1
UNDERWRITER,1
SAMBA,1
ASSCN,1
POONCH,1
WATERWAYS,1
ASSOCIAN,1
AS,1
JUDICIARY,1
AWAKEN,1
DHANBAD,1
BOKARO,1
CHEMOTHERAPY,1
SOLAN,1
THIRD,1
KALANWALI,1
WESTON,1
UPMANYU,1
CRYOGENICS,1
PERINATOLOGY,1
INTERTRADE,1
KHAMOSH,1
BHAL,1
RECYCLE,1
AKHLIYATOKI,1
CONTROLS,1
AUTOMATION,1
CHANDKHEDA,1
MAZLUM,1
HANDICRAFTS,1
GANA,1
VICHITER,1
INSANI,1
TAXMANN'S,1
COURSE,1
ANGBHUMI,1
6,1
AWAJ,1
LAWPACK,1
NOTIFS,1
CHALLENGES,1
KATHIYAVAD,1
PANCHMAHI,1
DWEEPON,1
SAKET,1
WAKEUP,1
ADIPUR,1
PUBLISHERS,1
GREENTREE,1
BHOODEV,1
SORTH,1
JUNAGADH,1
KHAMBHALIA,1
JAM,1
KALOL,1
STOCK,1
GOAN,1
YAVATMAL,1
ISSUE,1
DHANDHUKA,1
ASHVAJIT,1
MAHADCHA,1
JEWS,1
KOKANCHA,1
SANYUKAT,1
TANDA,1
VANCHIT,1
SHAMSI,1
JIGAR,1
NIGOVAN,1
RUHELKHAND,1
TIGERS,1
ABHAYDATA,1
ZAIDI,1
HARIJAN,1
AWAZ-E-AZEEM,1
DALMAU,1
ARORA,1
TALAT,1
NAYAB,1
VISHWANATH,1
ABBAS,1
SACCHHAI,1
ZAMEER,1
PARIVED,1
PITAL,1
ANTHRASTRIYA,1
PICHHDO,1
DOORDARSHI,1
MIHIR,1
WARSHA,1
NIRBAL,1
SHIYON,1
HUNKAR,1
KAMGARON,1
TOOTEE,1
UTTAM,1
AKVAM,1
STHAI,1
MAJBOORON,1
VAYAKTI,1
BROTHERS,1
URO,1
AAWAZ-E-LUCKNOW,1
CHAUTHI,1
ACHOOT,1
PATHARON,1
BRAJ,1
SHAILENDRA,1
JAISI,1
SHANKAR,1
NISHCHAL,1
MULK,1
AWAZA-E-KHALQ,1
BAGESHWAR,1
PRAMUKH,1
SHIKHRO,1
SARHADI,1
VISHESH,1
PAHAD,1
NAU,1
SADAK,1
BAISWARA,1
SHANDITYA,1
NISANKOCH,1
AAWAZ-E-NAU,1
NAY,1
BIHARI,1
BANKE,1
THANVI,1
JAGRIT,1
REKHACHITRA,1
PAKKI,1
GADDION,1
BALLAST,1
KANDHLA,1
MAZBOOR,1
GOONJ,1
LOKNAYAK,1
HARMAIN,1
SWARIT,1
RUDRAKSHA,1
SHAHJI,1
PARMARTH,1
FARJANA,1
PILIBHIT,1
AMBA,1
CORBETT,1
UDAYACHAL,1
ALHARIS,1
SANMUKH,1
MUKHYA,1
FUGANA,1
RAWA,1
WAHE,1
TAHIR,1
HAMEED,1
GEETANJALI,1
NARANG,1
SHWET,1
SATYANSH,1
PUNARWAS,1
NAYI,1
TATHAGAT,1
AGRAJANYA,1
ANTRA,1
TAHZEEB,1
ASAR,1
ACROSS,1
SHAHJAHANPUR,1
ALLAHGANJ,1
MUTTAHID,1
KAUM,1
GOSH,1
BAGHPAT,1
BALIA,1
BRAHMATMAJ,1
KANE,1
SUNAHRA,1
MONTAGE,1
SADI,1
SIDARTHNAGAR,1
AMEENA,1
KAIMOOR,1
SONBHADRA,1
BEDAR,1
DORAKUND,1
QAWOOM,1
LOHA,1
ARTICLE,1
JAZBAT,1
MADHAV,1
SWAMY,1
PICHDEY,1
DHADHAKTI,1
KHARI,1
MASHRIKI,1
DAHELIYA,1
HARIGARH,1
IKKEESAVEEN,1
SADAGATI,1
HARVINDER,1
AWAZ-E-MARKAZ,1
SHEKHAR,1
MALIK,1
RAMAN,1
BHARSHTACHAR,1
SHUGUFTA,1
AWAZ-E-FAHIMABAD,1
VITARAK,1
LIGENJI,1
BIGJOG,1
DARKHSHA,1
AAWAZ-E-WAQT,1
SADIQ,1
DEEPANSH,1
ZINDADIL,1
KHAN,1
PANTHAK,1
PEETAX,1
GAJALA,1
BAWARE,1
GRAMEENON,1
TAMKUHI,1
KISANO,1
YE,1
PRAST,1
TIKHI,1
POORVVANCHAL,1
KSHETRIYA,1
KANTIDOOT,1
ADAL,1
JAWAN,1
PATHA,1
ABHIJEET,1
DUKHIYON,1
AWAZ-E-TANDA,1
JANCHETNA,1
CHANDAUSI,1
SAMBHAL,1
BEZUBANO,1
YADAVON,1
SHAMPURNA,1
SUMANGALAM,1
GANGOH,1
KHAIRA,1
BHAVANISH,1
MASHRQI,1
AAWAZ-E-GANI,1
YESU,1
UTTARAKHANDI,1
KHATAULI,1
ABHYUDAYA,1
JAISWAL,1
DRISTI,1
VIHANG,1
ROHTA,1
PANDEY,1
GAHLAUT,1
JANNAT,1
VARAN,1
JAGRANDEEPOTSAV,1
RAMJI,1
PARDISH,1
SHIVANGI,1
SWADEEP,1
HEENA,1
NARMOLAK,1
NAVSWAR,1
LANGUAGES,1
JAGTA,1
TIMES:,1
RAHEGA,1
AUDICHYA,1
LAVINDER,1
DEVANSHI,1
TEYYAB,1
SHRUTLEKH,1
SANSKRUTHIKA,1
AAGAJ,1
ADHYAPAK,1
AMARJAGRAN,1
RUSTAM,1
ADHIMAIK,1
PUNJAGRAN,1
TRIPUND,1
SUSHIL,1
MARUTHAR,1
BHEDI,1
MAWANA,1
HASTINAPUR,1
BIR,1
MANDAKNI,1
ATULYA,1
VEDANA,1
ELECRA,1
CHARITABLE,1
EXCELL,1
MAAYDA,1
HARSHODAY,1
R.B.TIMES,1
SHODHAK,1
TEL,1
REFINERY,1
RAWAL,1
PINK,1
HARPUR,1
GINVANI,1
NICHLAUL,1
MAHARAJAGANJ,1
PARIKRMA,1
MUDRANKAN,1
ANIRUDH,1
DEVVANSH,1
MONIKA,1
AVGAT,1
QAZMI,1
RAUNAK,1
REETA,1
MEHTAB,1
GARGACHARYA,1
RAMCHARAN,1
BRINDABAN,1
YUVAN,1
NIHAL,1
NIDHI,1
KHALIHAN,1
EFFORT,1
VINDHYAVASHINI,1
MUKESH,1
PROD,1
CONVERSATION,1
A.K.,1
DINKAR,1
TEHELKA,1
DESTINY,1
KAPIL,1
DRUSHTI,1
BIHANG,1
RADHA,1
JAAN,1
SU,1
DOLFIN,1
SONA,1
CHANDI,1
VIDHHYA,1
AWAZ-E-HUQ,1
CORONA,1
KARNAIYA,1
MUZAFFAR,1
SATYER,1
MIRAPUR,1
MEET,1
SANA,1
ISHI,1
SATYADHAM,1
KUNDARKI,1
AATM,1
GOYAL,1
BILARI,1
TEER,1
HIKMAT,1
KAIWART,1
JAUN,1
SARBAHARAR,1
NEURON,1
SHRAMIKER,1
SHABHA,1
WADEKAR,1
SHASAK,1
PROTIBADI,1
BHATNAGAR,1
SHAYAR,1
JANSETH,1
AL-MEEZAN,1
ADHARAN,1
BEHTREEN,1
MAIDIAN,1
PARSHVANATH,1
KATARIYA,1
VATSA,1
SUNITI,1
RAJAT,1
MORNA,1
KHATIMA,1
BHAI,1
BANGA,1
BISSU,1
NAMOKAR,1
AKATHA,1
DWARA,1
SOBAR,1
PITTAL,1
ROSEMARY,1
VANDE,1
PRAGYA,1
ABAD,1
SOMA,1
BINESH,1
BHAIRAVI,1
MITHUSI,1
DUGGAL,1
IRAN,1
SARVAJATIYA,1
UGTA,1
CURFEW,1
PASWADA,1
WELLDONE,1
VINAYATA,1
KAURAV,1
SHOSIT,1
BALMIK,1
NOUCHANDI,1
AGRIM,1
HUMANITY,1
MADAD,1
HAKEEM,1
MANSHI,1
AGAVANPUR,1
PATHAK,1
SAKHI,1
UPBHOKTHA,1
MANTRA,1
AGRSURYA,1
SAMAJWADI,1
TIR,1
VYAVSAI,1
MAHAJAGRAN,1
ASAIN,1
CHUNAR,1
AAKROSH,1
SEWAK,1
NANDIGIRAM,1
SINGHAL,1
P.C.TIMES,1
BIJOLI,1
SHREYA,1
AWAZ-E-QALAM,1
SHEKAPCHA,1
KATHOTI,1
RIYANSH,1
TIMESJWALAPUR,1
ZOHRA,1
UDHAM,1
LEKHAK,1
SHIVPURAM,1
ME,1
SARVDHARAM,1
SANJEEV,1
BINDAS,1
INDERGARH,1
CHANGA,1
SANDILYA,1
DURYODHANA,1
MAHILAON,1
HRIDAY,1
JANMANAS,1
NARSINGH,1
PARVATRAJ,1
SAKATI,1
MAYABHOOMI,1
DEVSTHALI,1
SIDDHANT,1
SHIREEN,1
HARA,1
UTHNAA,1
ALFAZ,1
KALIYUG,1
BAGHWAN,1
RUDRAKSH,1
MANTU,1
SHAHEEDON,1
MEICIM,1
BHARPTI,1
SHABDO,1
PATHIK,1
SATYAOM,1
CUBE,1
SADACHAR,1
DAMKESHWAR,1
SHRIRAM,1
BHANWAR,1
SONGARH,1
RANWAI,1
JAITEE,1
ARAHANT,1
KOTHARI,1
MUNGARSANTI,1
DEVANCHAL,1
ZEROGRAPHICS,1
VEERBHUMI,1
ATIYERS,1
COMFORT,1
SAMBHAV,1
SOODAN,1
GULAB,1
NEERAJ,1
NANDANI,1
LAKHA,1
SAAT,1
TEJASWINI,1
RITESH,1
HARSHITA,1
NAGTIBBA,1
WHDO,1
CHAUKHAMBA,1
FARMAN,1
NIVESH,1
GOURI,1
VASUDEV,1
BUNIYADI,1
VEDANSH,1
DHYANI,1
GHOSI,1
BHAWNA,1
NAITHANI,1
ISLAMI,1
HIJAZ,1
KASHID,1
NARMDAPURAM,1
SANWER,1
ANDHERE,1
NITESH,1
DHRUV,1
NIYARA,1
SAHGAL,1
SAUMYA,1
SHAILSHAKTI,1
SAMUHIK,1
PANTHYA,1
KURMANCHAL,1
BHABER,1
LENIN,1
KARNDHAR,1
ARAMBAGH,1
SAIYADPUR,1
MAZA,1
MANSACHI,1
PAHADVASI,1
VARUNAWAT,1
PANCHKOSHI,1
ARANYARODAN,1
USHMA,1
BARSALI,1
AADMI,1
LAHU,1
PIYUSH,1
JANSAHIB,1
NADEHI,1
GOVISHAN,1
AASHIYANA,1
MARGHAT,1
MADYA,1
MUKHAR,1
VIDARBHACHA,1
MANBHUM,1
BANKURA,1
MAHAKUMA,1
RAJKAMAL,1
RAIGADCHA,1
DADAPLELA,1
YASHWANTNAGAR,1
SILIGURI,1
DARJEELING,1
DINAJPUR,1
BIOTIMES,1
MANSAI,1
YUVKANCHA,1
THESE,1
PNS,1
USHIAL,1
IND,1
SHILPAPARIKRAMA,1
SIGNET,1
SOU,1
YUVADESH,1
KURMUN,1
AHERIYA,1
UTHAYENGE,1
ABHAS,1
SURKANDA,1
AASHNA,1
SAVITRI,1
SURYAVANSHAM,1
ABHIMANYU,1
KOHLI,1
VANSHIKA,1
JAMBUDEEP,1
SIHOR,1
SAPTRANG,1
ARNIT,1
KAMPEL,1
TEHRI,1
CHAMBA,1
ADI,1
PITHORAGARH,1
MAARAN,1
AAJAD,1
KANVANAGRI,1
SAITHWAR,1
NANDA,1
SHAIL,1
BOLTI,1
KANOONI,1
CHAUDHRY,1
MANGALBHUMI,1
KAYNAT,1
SAMMAN,1
MANISHI,1
GOLJEW,1
YACHNA,1
BAZPUR,1
DRUSTI,1
CHITRASTHALI,1
SEHBAAJ,1
CHAIRMAN,1
SAIYAM,1
RAJTANTRA,1
GYANARTHI,1
AASIM,1
VICHARDHARA,1
VAILI,1
NAINI,1
KERWA,1
BHEED,1
CHAMATKAR,1
ARNAV,1
UNNATI,1
JOSHILI,1
BEENA,1
DHARD,1
HARIYALI,1
TANEESHA,1
DHARATI,1
SHIWALIK,1
LAWAZMA,1
JANTANTRA,1
KHAZANA,1
PENSIONER,1
BAVIYAAN,1
KHOPADI,1
SANGTHAN,1
HINDON,1
GAIROLA,1
SAURABH,1
PASINE,1
SWARGAROHINI,1
NAVSRIJAN,1
GINNI,1
RUQAYYA,1
WARNING,1
NAAG,1
JASKALIAN,1
BINDRA,1
JAUNSAR,1
MERE,1
LOHAGARH,1
LUNAKARANSAR,1
JHONPARI,1
AAMJAN,1
SAMAJWAD,1
JALTE,1
DUN,1
TEELOM,1
AARNA,1
DHORA,1
RI,1
DHUNDHAR,1
VAGAD,1
RAHASYAMAYI,1
SANGARIA,1
DRONACHAL,1
ALMODA,1
TELI,1
MURALI,1
SIMBAK,1
GARJATI,1
KAASHI,1
VIKALP,1
CLOWN,1
SARVESHWARI,1
ANCHAL,1
GAWALAY,1
AAWAZZ,1
GYANSHIKHA,1
NAAD,1
VISHNU,1
BANGAAR,1
SAFIPUR,1
MAURAWAN,1
TIMRO,1
HAMRO,1
AKSHAT,1
VIMAL,1
SHAMA,1
KANOON,1
ABLA,1
RAJKUMARI,1
JAITARAN,1
JWALA,1
NAAZIR,1
SANS,1
MAIN,1
SABKI,1
ANTAR,1
ICWS,1
JALORE,1
SARNATH,1
DAYAL,1
KOLSALA,1
AMBERKI,1
HADAUTI,1
PILANI,1
DAMARU,1
NAGAUR,1
VESCO,1
KUCHAMAN,1
JAIDEV,1
SHAMBOOK,1
NISHANK,1
HUME,1
SURMAYI,1
NISHKARSH,1
BALI,1
CHESHTA,1
DICTION,1
WHISPERING,1
DIVYANG,1
FEROZEPUR,1
ABOHAR,1
SARASU,1
YAMKESHWAR,1
RAVNA,1
GOMTESH,1
DOABE,1
KWALITY,1
NIROL,1
BHOGPUR,1
NIRPAKH,1
GAURSAIND,1
VIBHU,1
SPOT,1
NANDSAROVER,1
THOS,1
FOZIYA,1
AIWSCO,1
TARUNAI,1
SHERPUR,1
ROHILA,1
GUNGO,1
BHOJPUR,1
SHRAMJIVI,1
UDDHAV,1
CHEEKHTI,1
BEOHARI,1
MARDAN,1
HARIHAR,1
SINGRAULI,1
VEDIKA,1
ALPSANKHYAKO,1
SHRIVASTAVA,1
TAKANA,1
VEERANGANO,1
MUSSOORIE,1
ASTITVA,1
ANIKET,1
PARANTAP,1
SAMPOORNA,1
BADRI,1
KAIPRI,1
DULARA,1
MAZDOORAN,1
GHAATI,1
SURMANI,1
SAADI,1
RAJNI,1
UKRAND,1
KHOKHAR,1
RAZAKAR,1
CHASHMADEED,1
SANJI,1
PATTARIKA,1
CHUNAUTI,1
SUNAM,1
YASHITA,1
PARTIBADDH,1
TUHADI,1
SABSE,1
HISAB,1
MUZDURAN,1
JOUNSAR,1
LOKSARANG,1
ISTAHAR,1
SHRADHA,1
PRARTHANA,1
BHAWAN,1
PRAJJWAL,1
SHAAN,1
BADIYAR,1
LUTHRA,1
NITI,1
JAGRAON,1
AWAZ-E-GARIBJAN,1
MANSA,1
RITI,1
SUCH,1
PARWATIYA,1
KHALKHAT,1
SOORA,1
PANTH,1
JOGATH,1
PATROLING,1
LATEST,1
NANCY,1
PHILOSOPHICAL,1
CRIMINALISTICS,1
JOURNOLINE,1
DEVL,1
EVOLUTION,1
ENTREPRENEURSHIP,1
MOTORSPORT,1
BIKES,1
EVO,1
OCUPATIONAL,1
PHYSIOTHERAPY,1
HABITAT,1
ROADS,1
COGENERATION,1
TRADITIONAL,1
BEE,1
AGSONOMY,1
ARMED,1
FORCES,1
IASTAM,1
WINGS,1
&MICROBIOLOGY,1
BIG,1
AFFAISA,1
PAGES-PUNE,1
NEWS-THE,1
ONEVOICE,1
NITHIA'S,1
RADAR,1
BIBLIOGRAPHY,1
QUART.,1
ANOTATED,1
USERS,1
GUIDE-PUNE,1
DISSERTATION,1
CERVICAL,1
COLPOSCOPY,1
GIFTWARE,1
PAGES-AHMEDABAD,1
INITIATIVE,1
PAGES-FARIDABAD,1
PAGES-VADODARA,1
USERS',1
GUIDE-HYDERABAD,1
SPEAKING,1
ORGANIC,1
INTERDISCIPLINARY,1
ARTHSHASTRA,1
ASTROLOGERS'SOCIETIES,1
REHABILITATION,1
DENTOFACIAL,1
ORTHODONTICS,1
LEPROSY,1
CONCRETE,1
BAKER,1
BIOPHYSICS,1
DEAF,1
SANTIYA,1
MOUTH,1
BAWANDER,1
BEHAVIOURAL,1
ORTHODONTIC,1
LANDSLIDES,1
ROTOR,1
VI,1
REAPER,1
(SCIENTIFIC),1
DOMINION,1
AUTHOR,1
PHYTOPATHOLOGY,1
BOARD,1
FACULTIES,1
MANASEMENT,1
MOMENTS,1
STREAMS,1
TRANSFORMATION,1
CHARTER,1
RAMBHAU,1
RHEUMATOLOGY,1
MHALGI,1
JAPANESE,1
ASSO,1
ACCOUNTABILITY,1
AUDIT,1
NEWSLETTERINDIAN,1
EAN,1
PRABODHINI,1
MARKETS,1
CHAMPAGNE,1
WINE,1
TELCOMMUNICATION,1
ASS.OF,1
PHYSI,1
ONEINDIA,1
CONFERENCE,1
TRAUMA,1
ASTRONOMICAL,1
OPTICA,1
CHEST,1
ODONTOLOGY,1
AUTHORS,1
POPELES,1
VACUM,1
FEDARATION,1
HEAL,1
ZOOLOGICAL,1
TUBERCULOSIS,1
A.P.T.I,1
UNESCO,1
LUBRICANTS,1
PROSTHODONTIC,1
MALARIOLOGY,1
HELPAGE,1
REFRESHER,1
WORLDWIDE,1
EMERGENCY,1
HAEMATOLOGY,1
BREAD,1
CONSERVATIVE,1
PRODUCER,1
IASP,1
EXTENSION,1
CONFEDERATION,1
ETHICS,1
BRAIN,1
NECK,1
ANATOMY,1
AERONAUTICAL,1
QUARTERY,1
CARITAS,1
DECADE,1
HYDROLOGICAL,1
FIBRE,1
VASCULAR,1
INST.,1
&HOME,1
ENDOVASCULAR,1
ENDODONTICS,1
EXPORTER'S,1
L'INDIA,1
AVEC,1
KARGER,1
JOUNRALOF,1
APOSTOLIC,1
GANGASAGAR,1
OPERATIVE,1
JOURMAL,1
EXPEDITION,1
PATRAK,1
AGRONOMY,1
GOVT,1
GEOTECHNICAL,1
METROLOGY,1
MAPAN,1
DIRECTION,1
GEOPHYSICS,1
METEOROLOGY,1
NASIK,1
RUSSIAN-INDIAN,1
NAMSKAR,1
THEME,1
ASSN,1
BRIGADE,1
RENCONTRE,1
ACCESS,1
ASSOCIATION),1
ARISE,1
SUMMER,1
VARIETY,1
TRANSLATORS,1
(JOURNAL,1
JISTA,1
FASTTRACK,1
EXPATRIATE,1
PHOTOS,1
PPMPL,1
CONCERN,1
FILMNEWS,1
ESTETICA,1
SATISTICAL,1
POTASH,1
ADULT,1
BREEDING,1
HAPYAY,1
SHELF,1
BATTERYMEN,1
UNLEASHED,1
IBM,1
WILL,1
PATRAKARITA,1
LAST,1
PC,1
CULTURES,1
QUARTERS,1
MOTOWN,1
NIYUDDHA,1
RUBARU,1
HELP,1
CHARISINDIA,1
PATIANTS,1
POOR,1
INDIAMIX,1
MIDNIGHT,1
RAILWAYMEN,1
OLYMPIA,1
AUTOBIZ,1
REACT,1
BUILD,1
RUSH,1
COME,1
PARENT,1
COOPERATOR,1
PAPERBOY,1
VAASTVIK,1
ENERGETICA,1
UPPER,1
VETERINARIANS,1
MECHANIZATION,1
SWEEPER,1
MAX,1
PALIWAL,1
IST,1
ATHE,1
AIRLINER,1
HOST,1
RE,1
TRADE-LINK,1
EX-SERVICEMEN,1
MEJESTY,1
PULS,1
NENSLETTER,1
GRAINS,1
WITH,1
EXCEL'S,1
AEROTRADE,1
UROLOGY,1
SHOW,1
RETAILING,1
SHOE,1
BIOGRAPHY,1
CHEMIST,1
ABIDING,1
INDIAN'S,1
LANCET,1
CIS,1
OCCULT,1
BODY,1
PRODUUCTS,1
WILD,1
LIBRARIAN,1
L'OFFICIEL,1
DEMANDS,1
PORE,1
JOUURNAL,1
STRATEGIC,1
PHARMACALOGY,1
UBSPD,1
IDHAZH,1
DESTINATION,1
VALUER,1
SPO,1
GLOBEL,1
DHUADHAR,1
PLUGIN,1
COLLECTION,1
COMMENTATOR,1
INCOME,1
PAMPHLET,1
REVERBERATE,1
CORRIDOR,1
INK,1
CREATIVITY,1
VARNAMALA,1
SEXUALLY,1
SUGANDH,1
TRANSMITTED,1
AKHILA,1
NAVRANG,1
ANGRY,1
INDIANA,1
ACTS,1
CONDITIONS,1
COMMENTARY,1
GALLUP,1
COACH,1
SWASTH,1
NEWSMAN,1
BUS,1
FERTILISERS,1
BURNING,1
GUAGE,1
INDIANAMA,1
GLOBE,1
KALPATARU,1
DEVELOPMENTAL,1
BEHAVIORAL,1
(OFFICIAL,1
NEURODEVELOPMENTAL,1
PEDIATRICS),1
SPARKLE,1
SPRING,1
JAGRAT,1
AGAIN,1
PRAYER,1
FELLOWSHIP,1
CIRCULATION,1
NPK,1
ROAR,1
VAARS,1
VIRSEY,1
PROPOSALS,1
TASTE,1
ACHIEVERS,1
SMT,1
BITCOM,1
RESTAURANTS,1
MUSKURAYAEGA,1
SAFARI,1
CRAFTS,1
TESTIMONY,1
GDR,1
TAXATION,1
SATSANGI,1
ORBIT,1
NITAI,1
REVISE,1
SHAM,1
PRABANDHAN:,1
CHRONICLE'S,1
ESSO,1
ADDA,1
JOUNRAL,1
"DERMATOLOGY,",1
CFO,1
LAUNCHPAD,1
VENEREOLOGY,1
STORIES,1
LEPROLOGY,1
BANAM,1
MATRAM,1
HEARTBEAT,1
JURIST,1
TREBHUVAN,1
DAIRYMAN,1
INDL.INDIA,1
PROCESS,1
EQUIPMENTS,1
ECONOMIST,1
MATTER,1
SALT,1
CHEM,1
DIALOGUE,1
MEDICINE(INDIAN,1
GRADUATE,1
OPPRESSED,1
CEO,1
ORGANIZATION,1
PULSAR,1
RAAG,1
POSTMAN,1
VAR,1
LOVERS,1
EMPIRE,1
PARIWAR,1
LOOKING,1
SANITERY,1
JAGATA,1
STANDARDS,1
TARK,1
TOLERANCE,1
CWC,1
COW,1
GLANCING,1
DISCIPLES,1
RECHARGE,1
PAIN,1
INSIGHTS,1
KAHER,1
IMPROVMENT,1
MERCOM,1
TRANSLATOR,1
SPEAK,1
POTENTIAL,1
ETHOLOGICAL,1
EVANGELIICAL,1
THEOLOGY,1
OCCASIONAL,1
IARC,1
IPS,1
CONTACT,1
THAPARS,1
INSTRUMENT,1
OUTREACH,1
LENS,1
CINEMATOGRAPHY,1
EDU.,1
TEAM,1
ICONS,1
WRITING,1
ASK,1
ABOUT,1
DELIVERY,1
AGAINST,1
ECHOCARDIOGRAPHY,1
CHURCHES,1
COMPARATIVE,1
NEHRU,1
LIFELINE,1
ADVERTISEMENT,1
DRAGONS,1
MYSINDIA,1
EXPERIMEENTAL,1
ULTRASOUND,1
INDIA-CHINA,1
ALUMINIUM,1
NEUROLOGY,1
IMMEMORIAL,1
BIOMEDICAL,1
INDIA.COM,1
NEUROLGY,1
-I,1
ECCLESIASTICAL,1
GEOLOGICAL,1
A&,1
SEC,1
P.E.N.,1
INDIANOIL,1
AUTOCAR,1
SHIPBUILDING,1
LOG.INDIA,1
PRAY-INDIA,1
WWW.COMMCDITY,1
GLITTERING,1
ORIGINAL,1
FORECASTER,1
COSMETOLOGIST,1
CLOTHING,1
THRILLING,1
TEMPLES,1
HER,1
PEPOLE,1
CONSULTING,1
PAINTINDIA,1
ENGINEERS(INDIA),1
CHILIPILI,1
SATARKATA,1
INTERNAL,1
CALENDAR,1
SKYWAYS,1
ASAKA,1
RD,1
NURSES,1
CW,1
ENLIGHTEN,1
INTEGRATIVE,1
&INDIAN,1
SOJOURN,1
SHADOW,1
CONTACTS,1
VEERAN,1
VAHINI,1
HAJ,1
ELEVATOR,1
GEAR,1
OPERATOR,1
MAG,1
TRIBES,1
ANALYTICAL,1
WICHARANCHA,1
PARKHAD,1
METABOLISM,1
TILES,1
CZ,1
PERIODONTOLOGY,1
BOATING,1
DELUSCE,1
LIGHTING,1
ANALYST,1
FOLKLORISTICS,1
PUBLICY,1
LIAISON,1
IEEE,1
PHARMACEUTICALS,1
RESPONSE,1
PASSIVE,1
LITTCRIT-AN,1
MATHRIKA,1
SIXTH,1
OPPORTUNITY,1
JAIBHIM,1
INDIACHA,1
ENDOCRINOLOGY,1
JURISPRUDENCE,1
CONSTITUTIONAL,1
MNLU,1
CONTRIBUTIONS,1
PROGRES,1
LIST,1
MUNICIPAL,1
FUSE,1
(NEW,1
SERICULTURE,1
MBI'S,1
FURNISHING,1
HEALTH+CARE+INDIA,1
THOROUGHBRED,1
FERTILIZER,1
SUVARN,1
SUPREMACY,1
AAWAJ,1
NEPHROLOGY,1
FIFTH,1
SEVENTH,1
NEWS.COM,1
BOLD,1
HAPPENINGS,1
WATERWORKS,1
(COCHIN),1
INDIA-MISSION,1
LIBERTARIAN,1
ST.PAUL'S,1
AKS-INDIA,1
ENRICHED,1
DYE-CHEM,1
RELIGION,1
OMEGA-INDIAN,1
VISIT,1
COMPANION,1
CAMPAIGN,1
OVERTAKE,1
NADINA,1
APPROACH,1
DISCIPLNARY,1
BEHAVIOUR,1
BUTTETIN,1
FORESIGHT,1
ST.JOHN,1
ISSUED,1
HAIL,1
PROGRASSIVE,1
MISS,1
MASIKA,1
NEWS(INDIA),1
CYANAMID,1
BALA,1
KUDUMBAMASIKA,1
NALIKERA,1
LABELS,1
NARROWEB,1
CASHEW,1
MANAGER,1
NEUROREHABILITATION,1
COMMUNICATOR,1
JAURNAL,1
SEAFOODS,1
SCMS,1
COMMITTE,1
PACKER,1
GEMMOLOGIST,1
&S,1
WASTE,1
ASSOC.,1
INDIAWALI,1
NEUROSURGERY,1
GRIEVANCES,1
CLOTEX,1
MRIN-A,1
ONCOLOGY,1
PENPALS,1
DHATU,1
METAL,1
PAVO,1
TRANSMITER,1
RECYCLING,1
PEDODONTICS,1
DESPATCH,1
AIRCONDITIONING,1
&REFRIGERATION,1
SECIAL,1
SCI,1
SPEAKS,1
NAME,1
TOMMOROW,1
TARIK,1
JIVAN,1
INDIA-BULLETIN,1
STUFF,1
VOGUE,1
SYNTHETIC,1
HOTLINE,1
ISR,1
STUD,1
EMPOWER,1
UDYAMEE,1
SOCIOLOGIST,1
STABLE,1
COMPETITIVE,1
BEWARE,1
ASHMITA,1
ARBUDA,1
THOROUGH,1
MANG,1
BRED,1
JESUITS,1
ATLAS,1
RELATION,1
COPCO,1
VERSION,1
OESERVER,1
COI,1
FRUNT,1
LUBE,1
TELE,1
ROSE,1
KAZAKH,1
STATISTICAL,1
ADMISSION,1
PERIODICALS,1
FUND,1
SUPLEMENT,1
AINA,1
SECULARISM,1
36,1
LANGUAGE,1
BACTERIA,1
GENDER,1
CROPS,1
NEWSCAN,1
CORRESPONDENT,1
SUSPENCE,1
DOG,1
PATRIOTS,1
PERSONALITY,1
BUREU,1
BACKGROUNDER,1
CURRENTS,1
EMERGING,1
LUCK,1
COMMENTS,1
HAPENG,1
EVENTARS,1
MANAS,1
WEEKELY,1
RECKOTRY,1
GODFREY,1
PHILLIPS,1
DATA-INDIA,1
DRIVE,1
WHEELS,1
TIDINGS,1
TRAVELTRADE,1
ORNITHOLOGY,1
ANGLES,1
CONTRACTOR,1
PORTRAIT,1
REVISITED,1
COMPONENTS,1
IMPORTER,1
(HIMACHAL,1
GRAFICA,1
(JIPA),1
POTATS,1
WOOLLENS,1
"ARCHITECTURE,",1
ACTUARY,1
ASSEMBLIES,1
PARLIAMENT,1
RATANJOT,1
KHUSHBOO,1
MAHAKTA,1
FLAMES,1
REFERENCER,1
LINKERS,1
SELLER,1
BIOCHEMIC,1
MILLS,1
TEXMACH,1
ADVANCED,1
ENGILD,1
EXPONENT,1
REVIEWFILM,1
PROFESSION,1
543,1
PRINTVISION,1
STATUS,1
WOLLENS,1
WORSTEDS,1
NEWSLETTERS,1
ANTHROPOLOGIST,1
SIEMENS,1
PROFILE,1
REGARD,1
PRINTCOM,1
CRN,1
PHILATELIC,1
MIND,1
GUARD,1
MERCHANTS,1
TIMER,1
WEED,1
GREASE,1
CRITICAL,1
BIRADRI,1
BANNU,1
NON-RESIDENT,1
TELLING,1
ELECTOR,1
ABRIDGE,1
JYOTIKAN,1
&D,1
SAUDI,1
PETROCHEMICALS,1
ARABIA,1
BILATERAL,1
KALANAGRI,1
JCI,1
AWAKE,1
MUSICOLOGICAL,1
CHALLENGE,1
TOOLING,1
TRADITION,1
SEVENTEEN,1
BANKER,1
COOLING,1
OK,1
!,1
VIROLOGY,1
SOURCE,1
PHYSICANS,1
MOOD,1
MASTER,1
PTR,1
GOLF,1
SAADAR,1
TOUCHDOWN,1
ADVENTURES,1
GEOGRAPHIC,1
BIKE,1
CARPET,1
NEWSï¿½,1
HASTKSHEP,1
PIPE,1
MANTHLI,1
ECOLOGY,1
LODGE,1
HAI,1
EB,1
SENSIBLE,1
PENMAI,1
VARDHAMAN,1
BAKTHI,1
MARGHAM,1
BRAHMIN,1
NOVA,1
REPRODUCTION,1
PATRIKAI,1
BHIM,1
FRP,1
SGWSD,1
TAEKWONDO,1
FOODWORLDER,1
VELICHAM,1
EVERYONE,1
INNOVATIVE,1
SAMIKARAN,1
SENIORZ,1
COMM.,1
TODAY-THE,1
JAIPAL,1
SAMANIYAR,1
KHOZ,1
CONVERSATIONS,1
NILGIRIS,1
SALEM,1
LORRY,1
VALIMAI,1
KRISHNAGIRI,1
KRAFCO,1
DHANTHI,1
KAVAL,1
ANJAL,1
ULLATCHI,1
ZOOM,1
PALLIVAASAL,1
NAKKIRAR,1
TAMILNADU,1
AYURVEDAM,1
PEAPULS,1
PORWAL,1
CHRIST,1
DISEASEAS,1
ITHAZH,1
INDIA`S,1
DECIDE,1
MAPS,1
JOUSNAL,1
SUPPLIES,1
COMMANDER,1
HISTORIC,1
AIDS,1
OFFICIAL,1
ENGIANEERING,1
CHAPT,1
BHAWSAR,1
COMPOSITES,1
OBSERVING,1
BHARATVARSH,1
MANWAR,1
ROYALS,1
KAMP,1
CHINKARA,1
JALAUR,1
ANAEMIC,1
ALIVE,1
WHAT,1
HAILS,1
JAWAB,1
BONAM,1
KAZHUGAR,1
VILLUPURAM,1
DESAM,1
PERFUMER,1
MATHEMATICAL,1
INIYA,1
BLOCK,1
HOMEOPATHIC,1
PICKOUT,1
RAGHOTTAM,1
JEETEGA,1
TAMIZH,1
START,1
DHUNIYA,1
VELTHURU,1
IMAGINE,1
MEDAK,1
VANJARI,1
MANPOWER,1
SUDARHSAN,1
BULIETIN,1
SOCILOGICAL,1
HIGHLIGHTS,1
HARGAON,1
MIZAN,1
UNHEARD,1
PROTOCOL,1
PHOTOGRAPHERS,1
AZEEM,1
FANCY,1
AMAZING,1
WARDAT,1
OWEDER,1
PUBLICATIONS,1
FORESTERS,1
LITERACY,1
PITAMBRA,1
PURVANCHAL,1
JEEVANDEEP,1
INDEPENDENCE,1
MATI,1
CHECKUP,1
MANALI,1
FARMERS,1
LIBRATION,1
ACTUAL,1
BASAVAN,1
VRINDAVAN,1
PROMISING,1
GET,1
MULTIDISCIPLINARY,1
COMMUNIST,1
HIGHLANDS,1
STATEMENT,1
SEEN,1
BAHAR,1
ANDAR,1
BHRAMANUTKARSH,1
TARZUMAN,1
TELESCOPE,1
STRANDED,1
DEVELOP,1
COMPETION,1
MARIYA,1
INTEGRATE,1
VIA,1
MISTER,1
BVN,1
HINT,1
FRAGRANCE,1
JASWANTNAGAR,1
PURVI,1
VIDHYARTHI,1
FARMA,1
BULANDSHAHR,1
ACHHANSH,1
VICTORY,1
UTSARG,1
MULTANI,1
CHAURASIYA,1
BESIDES,1
HOURS,1
AMNESTY,1
TIRUPUR,1
CORACLE,1
EPIDEMIOLOGY,1
ADR,1
THAGAVAL,1
THIRUVOTTIYUR,1
EXPERT,1
FARRUKHABAD,1
BUNIYAD,1
JANMANYATA,1
MITRAM,1
CORDOVA,1
FATEH,1
I.M.S.,1
CORE,1
MERITOCRACY,1
DISEASE,1
JAAGO,1
WOMEN-WINCARS,1
SAVE,1
SLOGAN,1
ASHINKA,1
TREND,1
SHOPEE,1
SAMAGREE,1
AMBITION,1
READIT,1
SAMAGRI,1
KAAKTOONS,1
WAR,1
SARLA,1
GEM,1
LALGHATI,1
HERBS,1
OTOLOGY,1
INQLAB,1
DASTAVEJ,1
SAMACHARON,1
BASANT,1
POTLI,1
MAHOL,1
ANIMESH,1
RUN,1
PRIYANSHI,1
GRAMYASHRI,1
AVSAR,1
JEWELLARY,1
YOUNGEST,1
THOUGHT,1
TAKSHAK,1
YOGITA,1
AACHARAN,1
EFFECT,1
ZIKRA,1
NICE,1
SHAHBAAZ,1
MUNMUN,1
GIRIGHATI,1
PRANAV,1
GREYVISION,1
APPEALS,1
PRATULAY,1
SOMIL,1
BHAVESHWAR,1
SANGIN,1
RAKESH,1
PRASIYA,1
AAIRA,1
NIROGDHAM,1
YOUNGSTERS,1
JANSWARAJYM,1
BADALTA,1
QUIET,1
INDRAKSHI,1
GADREY,1
DAN,1
SURYANS,1
BINDU,1
HALATE,1
MOD,1
SADHVI,1
SAATH,1
SOIL,1
SALVE,1
CONSERVATION,1
RUKMANI,1
PEDIT,1
HARBINGER,1
GAS,1
IDOL,1
BHASHI,1
ARTIST,1
KHASKAR,1
HINA,1
FORESTER,1
QUALIFIED,1
PRADARSHAN,1
BHADAS,1
SHAKTIMAN,1
AAPKE,1
PICHDA,1
SAMYIK,1
WARG,1
SWARNIM,1
PROTECTION,1
MOTIVATION,1
SANTNAGAR,1
ASHAA,1
RAJLAKSHMI,1
THEOSOPHIST,1
NAYAN,1
ATHARV,1
PARVAZ,1
SARHANA,1
OPTOMETRY,1
REWARDING,1
KAMESHWARI,1
SUSHANT,1
SUJANGANJ,1
TAMRAPUSHP,1
BOLE,1
PLAN,1
JATAV,1
NAVNEET,1
SRIS,1
TAXES,1
SIN,1
BAGDA,1
AMRAPALI,1
MARUDHARA,1
LOBBY,1
HETEROCYCLIC,1
ALMIGHTY,1
DRAWING,1
AUTISM,1
BATALA,1
REFIENERY,1
SIRHIND,1
BARNALA,1
NASIHAT,1
RDWU,1
CANINE,1
DIVYAM,1
SANSKRITI,1
MALAV,1
RAJIV,1
SINA,1
FARK,1
BHILWARA,1
RENU,1
BORING,1
MEENA,1
VISHVAKARMA,1
SUGARCANE,1
DRILLING,1
LITO,1
VIBE,1
VIRASAT,1
JAWAHAR,1
MICRO,1
WORLDS,1
SADHARAN,1
TURNING,1
YATHARTH,1
VIGILANT,1
TITLE,1
MICROBIOZ,1
AGROHA,1
DAYAR,1
LABORATORY,1
BALAI,1
DHARM,1
1,1
JANTODAY,1
CHIKITSA,1
HAFTEWAR,1
VAMA,1
SITI,1
MP,1
VIDHYA,1
SPORTIFF,1
GOPANCHAL,1
PARYATAN,1
PRATINAD,1
KRISHAK,1
DARSHITA,1
INFOLEAD,1
RAMRAJ,1
GAHANA,1
LEADING,1
DINAKAR,1
GUNGUN,1
PRAVAH,1
SAMANJASYA,1
ANIMALS,1
MBA,1
PASSION,1
KANNOD,1
MAAN,1
MAKER,1
RATHOD,1
PRACHI,1
EMOTIONS,1
ADVANTAGE,1
VANWASI,1
ROHRA,1
SHANAWAR,1
JANSWAR,1
BNP,1
AAKASH,1
SHABBAS,1
NIROG,1
YASHRAJ,1
BENAZEER,1
ACCIDENT,1
BALRAM,1
ARMOUR,1
SARGAM,1
CATALYSIS,1
ECOPRENEUR,1
PERSPECTIVES,1
INFANTRY,1
DAKSHANA,1
KOTHARI'S,1
EXPORTERS,1
THEATRE,1
OPENLEARNING,1
WIND,1
APPRECIATE,1
HISPANISTICA,1
ALLERGY,1
AMBI,1
COMM,1
HERNIA,1
GERIATRIC,1
DEBATES,1
INDRAIYA,1
WAH,1
ANBUDAN,1
COLLIERY,1
EEROJU,1
TOXICOLOGY,1
INDIALO,1
INFECTION,1
REPRESENTATIONS,1
LEADS,1
EVAM:,1
PHYSIOTHERAPISTS,1
MOUNTAINEER,1
ANWESHIKA:INDIAN,1
EXCEL,1
BROADCASTS,1
TAKE,1
ANTYAJAA,1
SURVERYOR,1
SURVEYOR,1
MIDWIFERY,1
ADVISER,1
ORTHOPAEDIC,1
DISTRICTS,1
ELECTIONS,1
AWEB,1
2030,1
THOOTHAN,1
EDITORIALS,1
N.L.F.J.,1
PEACEFUL,1
BACKWARD`S,1
DQ,1
BETTER,1
EVOKE,1
ROZ,1
RAHBAR-E-INDIA,1
INDIA),1
(INDINON,1
INSINDIA,1
CHURCHMAN,1
AGENCY,1
BANKER'S,1
HOLIDAYS,1
DEKHI,1
ANKHON,1
PRINTINDIA,1
TASK,1
SHORT,1
PETRO-INDIA,1
SELVAM,1
GARMENTS,1
EDIT,1
PVT,1
PUBLIIC,1
CALENDER,1
PHYSIOTHERAPY-THE,1
ASSOCIATIO,1
MINERALOGIST,1
LANCE,1
UNTOUCHABLA,1
BALL,1
AADHUNIK,1
LIVER,1
WATCHING,1
BI,1
"CULTURE,",1
ARASIAL,1
GUARDAIN,1
COMMITTEE,1
ABOLITION,1
KARAM,1
THORACIC,1
SPANISH,1
(INFA),1
TECHNIQUES,1
FAN,1
AHA,1
JDA,1
POLL,1
GRAIN-OIL,1
REVIW,1
MARXIST,1
INDIRECT,1
RESPONSIBLE,1
SPEEDY,1
LATIN,1
DECOR,1
ANUTHA,1
ACCOUNTANT,1
KINETICISTS,1
365,1
AIRLINES,1
RENT,1
BANKS,1
GERONTOLOGY,1
STRONG,1
VARUN,1
SELECT,1
BOOKLIST,1
LEHAR,1
FERN,1
PEEP,1
DAVO,1
HYPE,1
HOLY,1
SAINT,1
SOCIO,1
ISAH,1
ARID,1
MEDICO,1
ANCHOR,1
HANDBOOK,1
JEWELLER,1
EXCELLENT,1
SUGAM,1
ECONOMICA,1
PANCHAL,1
KEEPER,1
FACILITIES,1
PHARMACOLOGY,1
WOMAN,1
STD/ISD,1
GROWER,1
PEARLS,1
CANE,1
PSYCHOLOGIST,1
OVERLOOK,1
PSYCHIATRIC,1
DETONATORS,1
SCOUTER,1
HOMEOPATHY,1
DAKSHINA,1
GERMAN,1
REPRESENTATION,1
HAKEEKAT,1
PREPARES,1
PROMENADE,1
CHILD,1
CURENT,1
AP,1
RECHARGER,1
CODE,1
CATERER,1
GFNPSS,1
PEASANT,1
HIGHWAYS,1
CRAZE,1
JASOOSI,1
PHILPHAT,1
LEFT,1
SAPIENT,1
SOLDIER,1
FYLFOT,1
TRANSACTIONA,1
MANIJAI,1
TRIBUNALS,1
FUSION,1
WORKS,1
THINKS,1
BELIEVER,1
RAJSEVAK,1
PRINTER,1
PARASYCHOLOGY,1
RUMINANTS,1
AGILA,1
INTAYA,1
LOKVARTA,1
SHADAAB,1
LEGISLATURE,1
RESEARCHERS,1
WCSC,1
ANUYUGAMLO,1
4,1
REFORMER,1
SWAN,1
HONEY,1
INNOVATIONS,1
INFORMATIVE,1
RETARDATION,1
SOLDIERS,1
EX,1
PUDHIYA,1
URIMAIKAL,1
ACHHA,1
JAHANSE,1
SARE,1
AGRICULTUURAL,1
WORKSHOP,1
STUNTS,1
SPECIALIST,1
FEATURES,1
HARSHA,1
SUPPLIMENT,1
SHORTING,1
RELEASES,1
DAY'S,1
THIRTY,1
MUSLIMS,1
PSYCHOMETRY,1
SCIENTIST,1
TRIBUTES,1
KAVITA,1
BELAGAM,1
THOZHIL,1
NUTRITION,1
COSMOPOLITAN,1
DIEBETICS,1
JRNL,1
GUIDANCE,1
PRACTIONER'S,1
HOBBY,1
SYSTEMATIC,1
JYOTY,1
SAMACHARAM,1
SYSTEMS,1
TIRUPPUR,1
GALLERY,1
BHARATODAYA,1
PACIFIC,1
INDIARKAL,1
UTTARJAN,1
BANARAS,1
ILLAINGER,1
MEDINDIA,1
CONTINUING,1
ARKODAYA,1
UNION-NEWS,1
TODAYTODAY,1
SABKA,1
ELEVATIONS,1
BHIMANSHU,1
RAEBARELI,1
METRI,1
PYRO,1
RUDRANCHAL,1
NEWSPRINT,1
TECHS,1
BURDWAN,1
GAME,1
MINI,1
CARDAMOMCITYINDIA-MAIL,1
TICK,1
DESUN,1
ZELASMART'S,1
NEON,1
PROJECT,1
VANIAR,1
SAMBAD,1
HALDIA,1
PERSONNEL,1
GEC,1
TOMMARROW,1
INDIAMITHIRAN,1
TELCOM,1
(IJRPESS),1
MARWARI,1
NALHATI,1
MENTAL,1
RICH,1
FEATURE,1
ASS,1
SHOP,1
IMAGES,1
COOKERY,1
DEVELOPING,1
WIFE,1
CHOUPAL,1
NEEDLEWOMAN,1
TECHNICIANS,1
PERSPECTIVE,1
ENGINEERS(INDIA)T.N,1
TRADEMARKS,1
TILE,1
STONE,1
DIPLOMACY,1
CHALLENG,1
ROYALTY,1
ROOF,1
FACADE,1
DTP,1
SOMMELIER,1
MILLER,1
MOTORINDIA,1
ENFIELD,1
AMATEUR,1
KARJANAI,1
SECURE,1
HEMOPHILIA,1
F(I),1
DISPATCH,1
SUDENDHIRA,1
CHEITHI,1
SPECIALITIES,1
POWERTECH,1
SAINTS,1
MINDS,1
QUINTESSENCE,1
STORAGE,1
BATTERY,1
COLA,1
COCA,1
DRAVIDA,1
MALARIA,1
NATTIONAL,1
HOCKEY,1
HARIDAJ,1
REIGNS,1
TRANSPLANT,1
ORGANIZE,1
ORTHONET,1
WWW.,1
DIRECTORY.COM,1
EDGE,1
INSPIRE,1
NEWSUNITED,1
EQUESTRIAN,1
CONNECTING,1
SUSTAINABLE,1
HORSE,1
PRATAH,1
SELECTIONS,1
KALEIDOSCOPE,1
NAAN,1
ORE,1
MANNUAL,1
COMPENSATION,1
ACQUISITION,1
MANUFACTURERES,1
CORRECTIONAL,1
NEUROLOGICAL,1
RIFLEMAN,1
ALLINDIA,1
KRISHNAMURTI,1
FOLKLIFE,1
GLANCE,1
DISTINUISHED,1
TRIBOLOGY,1
M.PS,1
VET.,1
AGRI.,1
GS1,1
IMPORTER'S,1
KITCHENWARE,1
M.L.AS,1
RHEUMATISM,1
WHOS,1
PRACTICAL,1
â¢,1
SHAREHOLDER,1
ELECTRIC,1
JAGRUKATA,1
ORIGIN,1
BAURO,1
GOSPET,1
ADS,1
EZHIKKARA,1
MIDDAY,1
ATH,1
JOBTIMES,1
GILAYADU,1
NARCOTICS,1
INFINITY,1
KOCHI,1
STERLING,1
BIS,1
FULL,1
PAYYANUR,1
LITARARY,1
YADGIRI,1
TALIKOTI,1
BENAK,1
VALLYAPUR,1
QUADRIYA,1
SHAHNOOR,1
MUDDEBIHAL,1
VIJAYANAGARA,1
KARWAR,1
KOOJALLI,1
CANNANORE,1
KARATE,1
MADHOGIRI,1
CALICUT,1
VALLUVANAD,1
JANAPRAKASAM,1
PALAKKAD,1
ALATHUR,1
PONNANI,1
MALAPPURAM,1
SOPHIA,1
THEKKEPURAM,1
KADATHANAD,1
MANAPPURAM,1
CHALIYAR,1
BABIL,1
MAINLAND,1
PALA,1
MARIYAN,1
VAIGA,1
JOYFUL,1
ANICKAD,1
KUTTANAD,1
KOTTAYAM,1
PUNALUR,1
PLEASANT,1
HAVIOS,1
FISHING,1
TURUVEKERE,1
DASHA,1
KANOUJIA,1
NANAK,1
HARIHARA,1
KARAVALI,1
CANARA,1
HIRIYUR,1
CHITRADURGA,1
MALNADU,1
CHIKKAMAGALURU,1
CHAMARAJA,1
VAIBHAVA,1
RISALDAR,1
JOGUR,1
CONTONMENT,1
MANJU,1
ANCIENT,1
CHARLIE,1
FRAZER,1
HOSUR,1
PARIVARA,1
GARUDA,1
TIPPU,1
NAGARA,1
PULE,1
MAHANAGARA,1
VAJRAYUDHA,1
DAVANGERE,1
HARAPANAHALLI,1
SHIMOGA,1
NANJANGUDU,1
DEENABANDU,1
CHANNAPATNA,1
ARKAVATHY,1
RAMANAGARAM,1
RAICHUR,1
MEEZAN,1
JANABALA,1
ESHANYA,1
MUNAWWAR,1
EDEXCEL,1
HUMOUR,1
BEDRA,1
PLANNING,1
KUDLA,1
MANDYA,1
KOPPALA,1
RAJADHANI,1
SHAHEEN,1
HAVERI,1
KBN,1
BHAVASAR,1
SOMUVANSH,1
SAHASRARJUN,1
GRAPHIC,1
NAUTICAL,1
ANANTHAPURI,1
JOE,1
FAROLA,1
JAFRABAD,1
LABBAIK,1
SHAKAR,1
KHASDAR,1
ALAMGEER,1
KOHETOOR,1
AL-BASHIR,1
ANANDVAN,1
ELLORA,1
SAMBHAJINAGAR,1
VIKRAND,1
JAMTHI,1
BHIMYODHA,1
VINKARE,1
PARWAAZ,1
PHULAMBRI,1
VITARA,1
LOKARPAN,1
GHABRAT,1
CONTEST,1
JANRAJ,1
SAYEED,1
TIWASA,1
PARATWADA,1
PANGA,1
MAHAVITRAN,1
REVIVAL,1
SINDPHANA,1
VAKALAT,1
MEHKAR,1
MATADAR,1
SEVASHAKTI,1
AMGAON,1
MAHARANA,1
PAUNI,1
SAKOLI,1
NATUROPATHY,1
GEVRAI,1
PARLI,1
BEED,1
KANNAD,1
VAIDYANATH,1
JAYWANTI,1
KHINDRE,1
MOTI,1
LOKSAUBAT,1
MARKAZ,1
ALHILAL,1
AMBAJOGAI,1
MANJLEGAON,1
SAMRUDDHI,1
YASHWANT,1
CALIFORNIA,1
TALWEL,1
ACHALPUR,1
KHARE,1
LAHUJI,1
NILA,1
SANAGMNER,1
DUNIYADARI,1
FAUJADAR,1
DAKSHATA,1
LUKE,1
ST.,1
A.C.TIMES,1
HALONAGAR,1
SHINGNAPUR,1
NIRNAYAK,1
IRRIGATION,1
JANSHAKTI,1
SAYYAD,1
NAVYUVAK,1
SARWAMAT,1
LOKVEER,1
MUSHIM,1
IONDIAN,1
YETHU,1
IRINJALAKUDA,1
KAIRALI,1
QUADSEN,1
SANGAMNER,1
KHIWARI,1
SANT,1
SAMRADAY,1
MRUNAL,1
CHANDIKA,1
DHARNI,1
CHANDUR,1
MAMATA,1
ADESH,1
BODHI,1
KURHA,1
SUPREMO,1
VICTORIA,1
BOYS,1
RIZWAN,1
MATRA,1
AKOLA,1
SHRIRAMPUR,1
SAMARTHA,1
SAIKIRAN,1
GONDHAWANI,1
BHAGAWATI,1
AHMEDNAGAR,1
ANTICORRUPTION,1
EXECUTIVE,1
MAULI,1
CREDAI,1
ARAKSHAKA,1
SHIFAA,1
JAGA,1
SHIVALIK,1
MONAL,1
RIEV,1
NURPUR,1
SUKET,1
MANDAVYA,1
ADIVA,1
TRIGART,1
DHARAMSHALA,1
INFOAGE,1
DHARI,1
NAVDESH,1
SHIRGUL,1
JAGADHRI,1
SANYASI,1
RADAUR,1
COMPERE,1
GOHANA,1
ASHWANI,1
BHUPESH,1
DABWALI,1
ROHTAS,1
S.D.G.TIMES,1
KIRSAN,1
GIRI,1
DEOGHAR,1
KISHTWAR,1
ANANTNAG,1
JUMBO,1
MAXIMUM,1
TEMPLE,1
KANGAN,1
GLACIER,1
GANDERBAL,1
BUDGAM,1
PULWAMA,1
SOPORE,1
SHAHARBEEN,1
KASHUR,1
SHEESHNAG,1
SANTHAL,1
BAGH,1
HAJARI,1
JAMHURIAT,1
RADH,1
PALAMAU,1
VANANCHAL,1
GODDA,1
OSH,1
COALFIELD,1
MINERAL,1
JHARIA,1
CALSON,1
ARYAN,1
KAPISH,1
JATIN,1
SATYAPAKSH,1
AADAMPUR,1
TEERE,1
AJMERA,1
HALCYON,1
DATTA,1
SOHNA,1
SKYLARK,1
TAN,1
AHIRWAL,1
DINCHARYA,1
AGARWAL,1
TRISHANKU,1
PUSHPAK,1
GADAR,1
W.H.D.O.,1
NAVDAUR,1
FATEHABAD,1
ZEE,1
AASMAN,1
SOKKA,1
TIMESLABANIYA,1
ASMITA,1
PINAKA,1
UKLANA,1
RATISON,1
JIND,1
GOPERA,1
REWARI,1
S.S.P.TIMES,1
LEGALFOXES,1
PANIPAT,1
BAPOLI,1
SANIDHYA,1
BHARARA,1
SATKAR,1
SAMALKHA,1
BHUCHAL,1
PANCHKULA,1
TRICITY,1
TRIGON,1
PALWAL,1
SHAHABAD,1
MARKANDA,1
KURUKSHETRA,1
AB,1
SOLANKI,1
FLORIDA,1
NILOKHERI,1
SANYURI,1
KAILRUM,1
KOTLI,1
PERENNIAL,1
SUITSWELL,1
MARTHA'S,1
CHEER,1
UTHISTA,1
KGTA,1
CHANDRU,1
VIJAYAPURA,1
LAYOUT,1
SATHYA,1
KSHANADHA,1
KSHANA,1
ISHU,1
SANDALWOOD,1
SADBHAVANA,1
ARTLIT,1
METROPOLIS,1
HUCHHAMMA,1
KHAJA,1
KHALEEG,1
VARA,1
EE,1
KHADARWALI,1
JAVEED,1
SAHAKARI,1
NIMMA,1
OFFSPRING,1
YUDHISTHIRA,1
CHIKKODI,1
TRULY,1
NANDAGUDI,1
QUOTES,1
DODDABALLAPUR,1
SWEN,1
VEDANTA,1
VINIVINC,1
ANEKAL,1
THEHALKA,1
SAFDAR,1
BHAMAJE,1
BENGALOORU,1
DEVANAHALLI,1
GANGANAGARA,1
VIVA,1
RAJU,1
FASTIMES,1
BALLARY,1
HAMPI,1
HOSPET,1
ATHANI,1
JISARAT,1
BELAGAVI,1
SHIRAGUPPI,1
RAMDURG,1
SAMYUKTA,1
BUGLE,1
SADAF,1
NISHU,1
MAHEE,1
TRANSPARENT,1
BANIHAL,1
BARAMULA,1
ARNORA,1
IMMORTAL,1
ZODIAC,1
JK,1
SHABROZ,1
JEHLAM,1
RAJOURI,1
DIPAKSHAR,1
DOGRA,1
KADAMBA,1
PARISTAN,1
DALPATIAN,1
JAGRATI,1
RAJWANSH,1
NOWSHERA,1
LOCHAN,1
CHATHRO,1
DAYSTAR,1
MERCURY,1
TRIKUTA,1
CARTOONS,1
BHADERWAH,1
BAHUBALI,1
SAHAYOGI,1
PERISCOPE,1
PENDARI,1
MADAKARI,1
ILAKAL,1
ZIRAAT,1
KOUNSARNAG,1
SAFFRON,1
WILAYAT,1
TAKHLEEQ,1
VITASTA,1
HEAVEN,1
CHINAR,1
GULMARG,1
LAKE,1
ZABARWAN,1
SHOPIAN,1
VIJAYPUR,1
EXPRESSIONS,1
VAISHNODEVI,1
SALAL,1
NAVDEVI,1
HIGHWAY,1
SUHARA,1
KULGAM,1
DONGAON,1
JANEPHAL,1
KHAMGAON,1
VIQAR,1
SAKAAL,1
VISHWAVEDH,1
UJJANI,1
AVAJ,1
MAHARASHTRACHA,1
LOMANYA,1
VICHARPATRA,1
EKMAV,1
MAHARASHTRACHE,1
KOTHRUD,1
MANWAT,1
PRABHAVATI,1
RAJNEESH,1
SONPETH,1
SHAMBHU,1
HAIR,1
SKIN,1
SARSENAPATI,1
KANSHIRAMJI,1
TERNA,1
TULJAPUR,1
DATA,1
SANATHI,1
LOHARA,1
WAGHOLI,1
NAGARSEWA,1
RASHTRAHIT,1
AAGYA,1
MAHARAJYA,1
DAUND,1
SHIVAJI,1
RAYAT,1
JAGTARA,1
AIZAH,1
DEHU,1
ALFAAZ,1
NIRMALA,1
BHIGWAN,1
SANGEET-KALA,1
SHIRUR,1
HINJAWADI,1
INDAPUR,1
LONAVLA,1
CANTONMENT,1
MALI,1
MOHALLA,1
HOLA,1
SHIKSHAH,1
VAISHNO,1
BAVDHAN,1
PRASAR,1
HEALTH-AWARENESS,1
NALDURG,1
OMERGA,1
SANGHARSHSA,1
SHIFA,1
ABCAHALNAGAR,1
SHOLEY,1
NAVNADIGRAM,1
DHARMABAD,1
MOOKNAYAK,1
PRAPTI,1
ADAA,1
NANDIGRAM,1
AFFAN,1
GRAHAK,1
RASTRAWADI,1
GUMASTA,1
RASAYANI,1
GUARDS,1
SAPTSHRUNGI,1
ORANGE,1
PRECISION,1
MAHASABHA,1
SANTRANAGARI,1
KAMPTEE,1
KATOL,1
AVINASH,1
ALMIR,1
VANITA,1
DEGLOOR,1
LOKVISHWAS,1
BADSHAH,1
NAUKARI,1
MALEGAON,1
TRYAMBAK,1
NIPHAD,1
FAKHR,1
BK,1
AL-SALIK,1
SHIVSHAKTI,1
PARISAR,1
CORPORATION,1
MOSAM,1
KALAMGIRI,1
SARWAR,1
NILI,1
IGATPURI,1
SHETKARI,1
MARATHA,1
MANMAD,1
KASAMADI,1
MUALLIM,1
AL-FAIZ,1
JANAT,1
DESHDOOT,1
LOKRASHTRA,1
LEKH,1
MAHAZ,1
CHEMBUR,1
DHANGAR,1
BIROBA,1
DEEPCHAND,1
JANSEVA,1
PANTNAGARI,1
DAMAJI,1
TULJABHAVANI,1
MAHASATTA,1
SIDHESHWAR,1
DANKA,1
BARLONI,1
BASAV,1
SIDDHANAGARI,1
VISHWADHARA,1
PUTE,1
NATE,1
KASHILINGESHWAR,1
CHAUPAD,1
VITHAI,1
JOSHABA,1
MALSHIRAS,1
MANGALWEDHA,1
VADAR,1
SANGOLA,1
SHEKHAGAURI,1
LOKSEVA,1
RANYUG,1
RATIONAL,1
REPUTE,1
KOMHARSH,1
BELAPUR,1
OPEN,1
BAAGI,1
SUPERFAST,1
GLAMOURFUL,1
V.K.TIMES,1
GHODBUNDER,1
CHIRISTIAN,1
TRINETRA,1
AGHOR,1
SAMRAS,1
MOGARA,1
SHIVDHAM,1
JILHA,1
TEJASWI,1
APRAHAN,1
CHARBHUJA,1
PRATISHTA,1
SHARE,1
LOKDHARA,1
AMBARNATH,1
PANDOULA,1
BARSHI,1
AKKALKOT,1
AASIF,1
KARMALA,1
SUDHAGAD,1
SANGLI,1
REMOTE,1
ROOM,1
RATNADURG,1
BHAIRAO,1
POLADPUR,1
MAHAD,1
KHOPOLI,1
RAJANIWAMAN,1
PATALGANGA,1
KONDHANA,1
GREENCITY,1
VITHAL,1
SHREEVARDHAN,1
ROHA,1
RTI,1
PUNRI,1
NATHPANTHI,1
POONA,1
KHED,1
MAVAL,1
DNA,1
SUYOG,1
JANHAK,1
SUBORDINATE,1
ENGINEERS',1
(M.S.E.B.),1
J.K.TIMES,1
SAHYADRI,1
SINHASAN,1
PANDHARPUR,1
BURAK,1
AKLUJ,1
JAVALI,1
ASTHA,1
SEVAGIRI,1
MASUR,1
NOKARI,1
SHAHUNAGARI,1
DHAIRYA,1
AAPAL,1
KARAD,1
PRADNYADEEP,1
BANGANGA,1
INSPECTOR,1
VITA,1
WALWA,1
NAVCHAITANYA,1
ESPREE,1
IRWIN,1
NAVDISHA,1
APLA,1
TWIN,1
DISTRICT,1
PRATIBANDH,1
(INC,1
DIR.,1
IND.,1
MIM,1
KALAKARI,1
MOHADI,1
MAHABALESHWAR,1
AUSA,1
MANJARA,1
MAHASANGRAM,1
JANTECHA,1
CHAKUR,1
JAGARUK,1
SEEMAWARTA,1
AJINTHA,1
SIDDESHWAR,1
EKMAT,1
DHARASHIV,1
LONG,1
BATMI,1
TEMBHURNI,1
HUPARI,1
KOTHALI,1
SHAHUWADI,1
WHO),1
IBJA,1
AMARDEEP,1
REALTY,1
SAMWAD,1
SUBURBAN,1
ACCOMMODATION,1
MEE,1
SION,1
BANDARAJI,1
MASTAN,1
GODWAD,1
MASHOOR,1
NAGIK,1
SUVICHAR,1
ARIAN,1
FASHIONISTIQUE,1
SUPRIYA,1
MHASLA,1
MAHANAGRI,1
NAVI,1
HINDMATA,1
LOKBHOOMI,1
SHETTY,1
DAYMUMBAI,1
JAGALYA,1
OCULAR,1
ZBF,1
CHANDGAD,1
MAHALAXMI,1
GADHINGLAJ,1
DHULIA,1
KARTVYADAKSH,1
MAHER,1
SWAMITIMES,1
PARTUR,1
UPNO,1
SHAINA,1
TIRORA,1
ASHIRWAD,1
GADCHIROLI,1
LOKMANYA,1
SANVIDHAN,1
KHALANE,1
SAPTAGANGA,1
SHIVRANA,1
DHULE,1
EAKVIRA,1
SHINDKHEDA,1
LOKRATH,1
GONDPIPRI,1
WARORA,1
MUKTIWAD,1
CHANDA,1
RAJURA,1
BALLARPUR,1
DHANWANTARI,1
SHRIKRISHNA,1
SWADHARM,1
NADVI,1
JAYSINGPUR,1
VAZIR,1
BHUDARGAD,1
KARVEER,1
ICHALKARANJI,1
NARSINHWADI,1
SANIDHY,1
KUSTI,1
BAVADA,1
PUDHARI,1
PRADNYA,1
JYOTIBA,1
KAGAD,1
BHOGAVATI,1
GADEER,1
RAHGEER,1
PAWNAR,1
PACHORA,1
CHALISGAON,1
PAKHARU,1
RAVER,1
THAMMAT,1
AMALNER,1
FUNDAY,1
IDA,1
TRANSTIMES,1
WHEELAR,1
OPERA,1
SHAHENSHAN,1
MULUND-POWAI,1
ZEAL,1
NEIGHBOURHOOD,1
INDO-GULF,1
SHIKSHAN,1
VIDYARTHI,1
MANDANGAD,1
AVENUE,1
SUBHANA,1
SIYASHAT,1
NAVJEET,1
NIHAR,1
ARTHIK,1
SINDHUDURGA,1
UDYACHA,1
GHATKOPAR,1
YASHOBHARAT,1
BHIMDI,1
RAZAK,1
MALAD,1
COMPU-TIMES,1
LAKSHA,1
PEACEKEEPERS,1
MALANG,1
SEZ,1
JANACHETANA,1
PADAM,1
DAHISAR,1
ASSIGNMENT,1
NITYANAND,1
AAZAD,1
SAQIB,1
PARSI,1
AYUKT,1
SURVI,1
VARTAHAR,1
PRAVASHIJAN,1
RAIBARELI,1
MUMBA,1
NAGPADA,1
PHOTOGRAPHER,1
DOSH,1
HEY,1
SAPNA,1
COMPUTING,1
ASHIVA,1
PARADISE,1
POISAR,1
WORLI,1
NETRA,1
KANDIVALI,1
AFFAIR,1
ANUBHAVI,1
PALAK,1
DHARAVI,1
DALAL,1
DIAPER,1
SHOBANA,1
FEMINA,1
JAIHIND,1
PAHEL,1
CHALAK,1
EXTRUSION,1
WOCKHARDT,1
ORDER,1
YOJANA,1
MEHFOOZ,1
PRASHASKIY,1
BANDRA,1
PARLE,1
VILE,1
SAVALI,1
RANVI,1
AIFTP,1
NAONIHAL,1
DIOTEK,1
VAHORA,1
MEDLEGAL,1
FOODISTA,1
KHANDELWAL,1
HARVEST,1
ULTRA,1
NATIONALISM,1
GUNAH,1
RAJARSHI,1
RAKEEB,1
POWAI,1
FROLIC,1
FUN,1
AYAKA,1
MESCO,1
PROREYVON,1
CANTIMES,1
KHOJA,1
RAIBARELEY,1
SAHLAB,1
DAS,1
DEWOO,1
ABHUSHAN,1
PANDIAN,1
MAHADHIKAR,1
GRAHAKHACHI,1
PRATI,1
STAT,1
JOHNSONS,1
DAIZAL,1
AASTHA,1
AGS,1
PARICHAY,1
PRARTHNA,1
DHARMATMA,1
NEWSPULSE,1
SHILPKAR,1
ZEBA,1
KHADIJA,1
GABBAR,1
PREMIUM,1
RAJORA,1
HIMANSHI,1
DINANK,1
ZOHAIR,1
KUDARATI,1
VARDHMAN,1
JVG,1
SANKHLA,1
DABAS,1
SAHIBA,1
RISHABH,1
GRAMPATH,1
THAQAFAT,1
FAREED,1
OZONE,1
T.N.A.,1
TEGIA,1
TEZAB,1
AAKANSHA,1
SARIKA,1
KHILONA,1
BHADAVAR,1
GHOSH,1
OHM,1
KALKI,1
POLE,1
TAIMA,1
JANWAKTA,1
'M'TIMES,1
GUTKA,1
ALEE,1
NETA,1
PANJTAN,1
VIDHYALYA,1
PANUN,1
CHATURDISHA,1
RANDOLI,1
JOSHILA,1
SYNAO,1
SURIYA,1
INDOPLAST,1
PRITI,1
PARDESI,1
ODIONS,1
QASBA,1
KUNAL,1
HARNA,1
GAYAGWAL,1
CHAUBEY,1
PRABANDHAN,1
TENSION,1
ANUMODAN,1
KHUSHNUMA,1
PRATIDIN,1
VEERTA,1
DHANESHWARI,1
VIKUR,1
DIVINE,1
NANDANWAR,1
TILDA,1
PURTHIKA,1
SANGWARI,1
NAVLAY,1
AABHA,1
PARYAWARAN-URJA,1
PUTRA,1
MITAN,1
APALAK,1
DASHMAT,1
RAJIM,1
GATI,1
CLIPPER,1
BHARREGAON,1
SURGI,1
NAMDEV,1
NEOTECH,1
SATYEN,1
MILAP,1
AL-FAHAD,1
ITEHAD,1
SARVHARA,1
JAHANABAD,1
LAYKA,1
NEWSDAY,1
HUMMING,1
MODELLING,1
TAC,1
HINDUSATTA,1
SAHNI,1
NAUJAWANE,1
NIKITA,1
PLAY,1
BELLS,1
TRANSYAMUNA,1
ATRI,1
KUTAB,1
LUHARI,1
SURGUJA,1
RIHAND,1
DAL,1
TIMES-AKHBAR,1
RAWATPURA,1
SHILPI,1
GYANESHWARI,1
LPG,1
TELEVISION,1
SAAOL,1
NIGHTINGALE,1
SADGURU,1
UMCI,1
TOUR,1
GUJRAL,1
TANATAN,1
SANGRAH,1
TRACKER,1
GAYATRI,1
BROTHERHOOD,1
MAHABHARAT,1
DHURANDHAR,1
PANKHURI,1
VIGYAPAN,1
KARYAKARTA,1
JIWANDHARA,1
YARO,1
BHI,1
JANE,1
KOSHI,1
MAVE,1
LAWTIMES,1
SHREEJO,1
SHEPHARD,1
ATIVEER,1
MAITHILI,1
STATIONERY,1
TENT,1
RIPUL,1
HOMIEOPATHIC,1
ARHAT,1
SOBTI,1
MADH,1
EGJIM,1
COMPLAINT,1
SUMIRAN,1
COMDEX,1
LOTARY,1
SHARTHY,1
MAUKA,1
DHIRAN,1
COLONY,1
ROHINI,1
VISHARAD,1
COOP,1
ELE,1
RICHIE,1
DIAGNOSTIC,1
EXTREME,1
CHEMPHY,1
KADARI,1
JANMITRA,1
KEY,1
IMANDAR,1
JANVEDNA,1
JURM,1
SIMRAN,1
PRATYASHA,1
TAHIRPUR,1
CONSULTANT,1
CUSTOM,1
TAMSO,1
KAUSTAV,1
NEWAGE,1
COLLABARATION,1
PARAVARTAN,1
KALKA,1
JAMUNA,1
BEAUTIQUE,1
MARVEL,1
BHAVNISH,1
A.B.C.,1
IMPEX,1
KAROLBAGH,1
TAREEN,1
AVTAR,1
NASHA,1
COMMNUCATION,1
WAJOOD,1
SPARSH,1
EXPOSTERS,1
ANITA,1
AQULLIAT,1
SAMITI,1
JANSAMPRAK,1
FRANK,1
KRAMODAY,1
EX-IMP-TIMES,1
DIPLOMATIC,1
GREW-ON,1
NAVRAJ,1
WARIDHI,1
VIKRETA,1
SHAKURBASTI,1
SISTERS,1
LOVELY,1
CHINGHAR,1
VISVA,1
JANAK,1
UNISON,1
AJOOBA,1
AARADHANA,1
RUPEE,1
NISHAD,1
DHANANJAY,1
GYNE,1
FREELANCE,1
VARTHA,1
VIBHINNA,1
TEJA,1
GAJUWAAKA,1
SALADI,1
PAKSHA,1
PRAJAA,1
BEZAVADA,1
CHIKKOLU,1
SANATHNAGAR,1
ARROW,1
PANCHAYATHRAJ,1
VIZIANAGARAM,1
TRAVELLERS,1
PRAKASAM,1
VENKATAGIRI,1
NELLORE,1
MALLIK,1
UDAYAM,1
SIDDIPET,1
RACHANA,1
MAHABUBNAGAR,1
MAHARSI,1
NAIK,1
VALTAIR,1
GURUJADA,1
DARBHANGA,1
SANMARG,1
ANG,1
VIKRAMSHILA,1
QUAID,1
DIPHU,1
BODOLAND,1
EVENT,1
BRAHMAPUTRA,1
SAPARIVAR,1
ECLECTIC,1
GAUHATI,1
BARAK,1
ARUNACHAL,1
UPLAND,1
ITANAGAR,1
ROING,1
KADAPA,1
PRODDATUR,1
TADEPALLIGUDEM,1
PALACOLE,1
TARANGINI,1
ZILLA,1
TIRUMALA,1
DWARAKA,1
ELURU,1
GIRIJANA,1
VISWA,1
HARISHINI,1
SHALINI,1
BAPATLA,1
PONNUR,1
NAMBURI,1
COASTA,1
KAKINADA,1
SAMAKALEENA,1
RAJAMAHENDRAVARAM,1
REGISTRATION,1
ESWAR,1
HARIKA,1
PAMIDI,1
MAMATHA,1
SAMEENA,1
KHADRI,1
NANDU,1
VAMSI,1
PENNA,1
SHAMBU,1
KADIRI,1
AKSHRA,1
ANANTA,1
BLAIR,1
PORT,1
EMERALD,1
SUJANA,1
SWARNAPURI,1
TENALI,1
VIJAYAWADA,1
PEER,1
BHAHUJANA,1
RAHMATABAD,1
KANDANAVOLU,1
HAROON,1
TIRUVURU,1
MYLAVARAM,1
GUDIVADA,1
SHATHABDI,1
CUDDAPAH,1
KHURSHEED,1
NUZIVIDU,1
JURRAT,1
ADEEB,1
DISASTER,1
SUPPLEMENT),1
(LEGISLATIVE,1
DRAVIDIAN,1
TARNAKA,1
PARAMEDICAL,1
YERUKALA,1
SRIVEN,1
MEHAR,1
ARVAN,1
VIDYAPATI,1
RATRI,1
JANKI,1
WRITE,1
SATLVI,1
MISSILE,1
LAHORE,1
NUPUR,1
GROTAL,1
LICHHAVI,1
GORAUL,1
SIWAN,1
ALIGANJ,1
PRAN,1
PARSA,1
BEMETARA,1
DEI,1
JIRA,1
JIRADEI,1
JHANJHAT,1
SERAI,1
SARAISA,1
KIRANJAY,1
SAMASTIPUR,1
KOSI,1
RANJANA,1
SHERSHAH,1
KUMITE,1
FIRSTMAN,1
UGNA,1
KUTGHORA,1
KALL,1
BANDHU,1
JANBANDHU,1
SINDH,1
NAVRATAN,1
SARANGARH,1
MUNGELI,1
MAHASAMUND,1
SIRPUR,1
VASHISHT,1
MAKSAD,1
BALCO,1
UTSAV,1
JANJGIR,1
PAMGARH,1
GARIABAND,1
DHAMTARI,1
DHANUSH,1
INDRA,1
DELUXE,1
HASDEO,1
MASTURI,1
HARELI,1
NYAYDHANI,1
SASARAM,1
KADAK,1
DEHRI,1
SANDEEP,1
KAYAM,1
NABHAS,1
BETTIAH,1
PAVAPURI,1
MEHTA,1
GUPTA,1
CHITRA,1
GOPI,1
ABHIKA,1
HIMASIA,1
YASHODA,1
CHARAIVETI,1
RAXAUL,1
AL-HIND,1
ANIWESH,1
HAJIPUR,1
TIRHUT,1
DOLI,1
LAKHISARAI,1
SURJAPUR,1
FARKIYA,1
KATIHAR,1
VIPLAV,1
SUBODH,1
SHELENDRA,1
RAJHAT,1
SAMOOH,1
BHUSHAN,1
AZIMABAD,1
HAFIZ,1
BANTI,1
DINMAAN,1
SAMKALEEN,1
VIVARAN,1
SORABH,1
RAJAPUR,1
MAHABIR,1
GHANSHYAMPUR,1
DAVANTI,1
THRISHNA,1
TRILOK,1
MADHUYOG,1
ANURADHA,1
KEWAL,1
GHATNA,1
SUNAMI,1
KAPURI,1
D'SUZA,1
LATIF,1
QURRAH,1
DUMRA,1
FORE,1
DOOR,1
SATYAJAY,1
BAPUNAGAR,1
GHATLODIA,1
VADAJ,1
MATAJI,1
NARODA,1
KARNAWATI,1
THAKOR,1
MOTEL,1
AMRUT,1
BHAMASHA,1
DARJI,1
PATANVADA,1
PAKSHI,1
MURLIACHAK,1
PASHU,1
JIVDAYA,1
VASTRAPUR,1
ALKAPURI,1
DIGVIJAY,1
SHAHIBAUG,1
DHOLERA,1
PRACHAR,1
DUDHESHWAR,1
RAJAL,1
MIX,1
AHIR,1
ATRESHWAR,1
SHIHOR,1
KANKREJ,1
SHETRUNJAY,1
TALAJA,1
RAJPIPLA,1
HSE,1
BALARAM,1
DANT,1
SASAM,1
RADHANPRU,1
PALANPUR,1
AANJANA,1
CHARBHAI,1
BORSAD,1
PADAMNETRA,1
KHAMBHAT,1
SPET,1
ACCURATE,1
LILIA,1
SAVARKUNDLA,1
KUNKAVAV,1
DARSHIL,1
KATHIYAWAD,1
NAVJAGRUTI,1
PANAH,1
VAPI,1
MASALA,1
PHYSIO,1
SHALBY,1
RELIEF,1
MUSARRAT,1
ALLCTION,1
CHANDILA,1
SABHYA,1
RAPID,1
TERESA,1
MOOLCHAND,1
VISESH,1
SUBHADRA,1
JANSUDHARAK,1
NAVYA,1
ROLEX,1
COAST,1
SURKHIYA,1
MEHRAULI,1
RIZVI,1
KHABRI,1
SURYAATIMES,1
SHAKTIVAN,1
OKHLA,1
BURARI,1
SAWAN,1
TERAPANTH,1
NISHANA,1
KARMBHOOMI,1
MISCELLANEOUS,1
ANTIVIRUS,1
VIKRAL,1
KONKAN,1
GOMANTAK,1
NAVHIND,1
KHATAK,1
PRQGAMI,1
BATRA,1
ALPASANKHAK,1
UMA,1
ISMA-TIMES,1
RELIGIONS,1
BHAVESH,1
SUSHAMA,1
DEHLAVI,1
PECKER,1
VARSI,1
RANN,1
TOTALITY,1
AARAV,1
CLASSIC,1
PURTIKA,1
PARAMVIR,1
S.J.M.,1
TOMAR,1
VACANCY,1
MOHINI,1
J.P.,1
JANSEVAK,1
MULI,1
SURYANAGRI,1
OWN,1
AWTAR,1
SHILPA,1
NISHTH,1
MOTISHREE,1
MUKADDAR,1
CONNECT,1
VIDHEY,1
SHITAL,1
VAJRA,1
LAKHATAR,1
PRATISTHA,1
NIKUNJ,1
MULNIWASI,1
PRAVITTI,1
RUHANI,1
MAJISHA,1
BHUVAL,1
OJHHAL,1
SARATHI,1
NAVGUJARAT,1
DHANDAYI,1
SURENDRANAGAR,1
JALAWAD,1
ALANG,1
GOTRI,1
DELITE,1
VATIKA,1
ITTAN,1
DAKHAN,1
YAZDAAN,1
BHANU,1
MOCHI,1
PARDI,1
DAMANGANGA,1
KARJAN,1
LAXMIGHANSHYAM,1
PADRA,1
ADVENTURE,1
LEARN,1
NIKIR,1
MANAN,1
BHADOURIA,1
TARSALI,1
TAPI,1
SAYLA,1
HALVAD,1
JILLA,1
DHRANGADHRA,1
MILLENNIUM,1
SATRAL,1
SAMPRABHUTA,1
SAMANA,1
BHACHAU,1
BILIMORA,1
PURNESHWAR,1
CHAROTTAR,1
S.K.TIMES,1
MORBI,1
KHERALU,1
MEHSANA,1
SIDDHRAJ,1
GUJRAT,1
MAHISAGAR,1
KANDLA,1
PRISHA,1
NAVSHAKTI,1
CHAROTAR,1
DHARMARAJ,1
HALAR,1
DIU,1
SAMVEDANA,1
TAHELKA,1
DAYANAND,1
SORATHIYA,1
RAJYAGURU,1
OKHAMANDAL,1
BHUJ,1
DANTA,1
BHILDI,1
PANNCHMAHAL,1
NAVJIVAN,1
ARKAN,1
DHORAJI,1
KATHIAWAR,1
EPA,1
BHUDEV,1
CHARANIYA,1
GARDI,1
GENIUS,1
SELF,1
MEDISOFT,1
SHRIGURU,1
COATING,1
SURFACE,1
SAMPATTI,1
KAIZEN,1
VADHIYAR,1
VANRAJ,1
SARASVATI,1
PINAL,1
ASAIT,1
KALI,1
ZAYAAN,1
VEJALPUR,1
LAZER,1
JAMIAT,1
SIYASI,1
KIRARI,1
SHIVOM,1
FACTORY,1
PUNJI,1
DIVISION,1
MUKHERJEE,1
STITCH,1
SAVARKAR,1
NAVBHAVAN,1
TANSEEM,1
MATCH,1
RAHIL,1
EKLAVYA,1
DADAJI,1
RESORTIMES,1
DALMIA,1
X,1
GEN,1
NEEM,1
OBESITY,1
RECOVERY,1
DEBTS,1
BAD,1
GRIEVANCE,1
KUNJ,1
KIDSMANIA,1
PASCHAMI,1
PICK,1
BELL,1
DINMAN,1
SATIJA,1
POLTICAL,1
KELANCHAL,1
PRASHAR,1
LAYAKA,1
SUDHIR,1
PITAMPURA,1
PRITYAKSH,1
MANSION,1
TOPRUNG,1
TINKER,1
DHARMAKAL,1
LEGISLATION,1
CHANDNI,1
ALTERNATE,1
NIZAMUDDIN,1
HZT,1
DARGAH,1
DAMODAR,1
BAGMATI,1
CHALCHITRA,1
COLOUR,1
KISHORE,1
VASANT,1
MALAYSIAN,1
GHOTALA,1
PLEASURE,1
CREATION,1
GAGANDEEP,1
TULSI,1
SERVE,1
SHOOL,1
KAIHAR,1
FINTRA,1
VEDIC,1
VIPASSANA,1
NIRDESHKA,1
ARIYA,1
INDER,1
GUDBUD,1
KOLI,1
ACRES,1
GOPAN,1
KONARK,1
CENTAX,1
SHAPATH,1
SURAJMAL,1
TIMESMAHARAJA,1
N.L.P.,1
CPS,1
VIVEKANAND,1
HUB,1
SHROTA,1
SEELAMPUR,1
MANJEERA,1
LEO,1
MEDICO-TECHNICAL,1
AARSH,1
MOHYAL,1
JHULELAL,1
BABU,1
BAIRVA,1
SHAKUNTALA,1
RAGHAV,1
KRUSHAK,1
SADAN,1
DHARMENDER,1
YUDH,1
SABHAR,1
RAGHUKUL,1
NALANDA,1
VIVAH,1
AGGARWAL,1
CMA,1
UJESHA,1
AMIYA,1
IQRA,1
AUDIO,1
SAMAHIT,1
PRIY,1
JAREEDA,1
EYE-WITNESS,1
T-SERIES,1
MANDI,1
SAAVDHAN,1
SARVADA,1
MEHANDI,1
DALER,1
POVERTY,1
PRUDENTIAL,1
PARLIAMENTARY,1
RAJAWAT,1
MUGHAL,1
DARD,1
SHAGOON,1
RASTRYA,1
INTRODUCTION,1
SANCHURI,1
IKKISHVI,1
GIHARA,1
CHANDRAMA,1
KAMALA,1
SHANIVAR,1
MOHANI,1
ANGAD,1
JANUTTHAN,1
PUNYA,1
VAISHNAVI,1
SWABHAVIK,1
AKSHAYA,1
HILTON,1
PARVATIYA,1
TRINAGAR,1
APARADH,1
PRAYUKTI,1
RASHTRAVANI,1
NILANJAN,1
JASSI,1
SAISMAL,1
SAPTAHA,1
SAINIK,1
SACHETAK,1
PRAVAR,1
TANUJ,1
VIDEEP,1
VASUNDHRA,1
SVIN,1
MNP,1
RANG,1
PRABHJOT,1
PARDARSHI,1
REENA,1
NANGLOI,1
RIDDHI,1
TARIQUE,1
SAIRA,1
PHULKA,1
THAMO,1
INDRAPRASTHA,1
SAHAYATA,1
KINNI,1
INVESTER,1
ISHARA,1
VALANT,1
TAPOMURTI,1
KANISKA,1
SOOCHANA,1
KALYUGI,1
HAMDARD,1
HATH,1
VAN,1
APANA,1
HIMANCHA,1
GURUDASPURIYA,1
NAAM,1
LALA,1
NAJAFGARH,1
U.K.G.TIMES,1
RAJMANGAL,1
JAUDA,1
SAMJHOTA,1
SANCHETNA,1
DILKASH,1
NIGAM,1
VISPHOTAK,1
FAUJ,1
JABBAR,1
DRONACHARYA,1
PATRI,1
ADHISHTHATA,1
CINEMAS,1
NAWADA,1
SHEELWANT,1
NISHCHAY,1
APRAM,1
CHAMPAWATI,1
PEDIA,1
MILLION,1
BHEEM,1
CENTER,1
JAHANGIR,1
NAVCHETNA,1
CEC,1
NATIONS,1
SHANI,1
KAUSHALYA,1
IQRAR,1
SPOKESMAN,1
CHINU,1
SABURI,1
SINDHMATA,1
SOOCHNA,1
KID,1
BYAKUL,1
AURAIYA,1
AMROHA,1
BEMISAAL,1
AKBARPUR,1
SURVEILLANCE,1
AALAPUR,1
SAMAYIK,1
KARPURIHA,1
ANSHIKA,1
MEJA,1
PHOOL,1
NAHUSH,1
AAKANKSHA,1
GULFISHA,1
PARIKALPNA,1
YISHU,1
APKA,1
B.R.,1
NAKSHATRAM,1
AABKARI,1
SHIASK,1
SANRAKSHAN,1
SHUCHITA,1
AZAMGARH,1
AZMI,1
TOWER,1
TANESH,1
BAHRAICH,1
RAHIM,1
NANPARA,1
SAZAL,1
BAHARAICH,1
PRATIKSHAN,1
JAKI,1
DHARMVIR,1
CHARITRA,1
PRACHEER,1
AMBE,1
BUDAUN,1
KOILSA,1
BILSI,1
JALJALA,1
BADAYUN,1
KUMKUM,1
HUMA,1
BADAUN,1
BHARATHRAJ,1
AJAMGARH,1
REHANA,1
MADEENA,1
IDARISIA,1
SIDDHARTHRAJ,1
THEATER,1
SHOOR,1
VISHWASHANTHI,1
LEGUAGE,1
RAJAPALAYAM,1
AMBUR,1
OOR,1
PERNAMBUT,1
NETHRA,1
21ST,1
OOTY,1
THIRUVANNAMALAI,1
OTTRAN,1
ARUNAI,1
NELLAI,1
LANDVEJ,1
MUTHANMAI,1
DEVIKA,1
PASUMAI,1
ARAPORE,1
RECTIMES,1
FALCON,1
NIRUBAR,1
SELAIYUR,1
PATTABIRAM,1
THIRUMULLAIVOYAL,1
THIRUNINRAVUR,1
LITRATURE,1
LITRECHAR,1
SEHAR,1
BIDHAULIYA,1
MALYAJ,1
DENANDNI,1
SHALABH,1
KAPUR,1
AL-KHIDMAT,1
ATRAULI,1
ELAN,1
VARSHNEY,1
MANGALAYATAN,1
BRAJESH,1
NARENDRANATH,1
EDLEY,1
VADHYA,1
DIKSHIT,1
TAJWAR,1
EHRAM,1
HERITEJ,1
RAJENDRA,1
PARWANOO,1
JANVAD,1
ESSENCE,1
DIXIT,1
KUMUDHA,1
TROPICAL,1
BALLIA,1
MAHARSHI,1
SHRAVASTI,1
KEDAR,1
TABULAR,1
TANMAY,1
MANSUKH,1
SORON,1
JILA,1
JANHWI,1
PAWANAGAR,1
ANJMAN,1
DEVRIYA,1
JANMANGAN,1
FATKAR,1
MAMTA,1
BHANODYA,1
JINNI,1
PACHWA,1
KAMADGIRI,1
KIRTIRAJ,1
RANGEELA,1
MOGHALSARAI,1
KHURJA,1
VIDUSHI,1
KUNWAR,1
BIMB,1
GUL,1
BISMILLAH,1
SAR,1
ELGA,1
MADHUVAN,1
PRABODHAK,1
ANTARVED,1
RAMJANKI,1
ANUSHKA,1
SARK,1
BRILLIANT,1
PRANSI,1
U.P.POLICE,1
JEALOUSY,1
NIYAJI,1
CHAKRAVARTI,1
AAMNA,1
ZAMIN,1
KHAJUHA,1
SHONAYA,1
KHAGA,1
AADESH,1
PAIKAN,1
WHITERAYTIMES,1
DHIRPUR,1
SHEETLADHAM,1
DAMAK,1
ANKALIKAR,1
ASHAWADI,1
NIRBHAI,1
AAPOORTI,1
CHOPRA,1
MADARI,1
MAKHORA,1
VEDANT,1
TARKESHWAR,1
AADHARSHILA,1
SHUBHENDRA,1
AJAM,1
MUFTI,1
VIKSUN,1
ROHILKHAND,1
JANRAKSHA,1
SALAHKAR,1
DRISTY,1
NARORA,1
DURG,1
RAASHTREEY,1
NAFEES,1
TIMESPRAGYA,1
DHANAWAT,1
HONOUR,1
PRABHUTVASHALI,1
BARABANKI,1
PRANSHU,1
KAUMI,1
ALGA,1
BHADESHWAR,1
GAUKARAN,1
RASAL,1
JANSANGYAN,1
KISHOLI,1
IANA,1
INFORMER,1
KAKA,1
KANSAL,1
MAITTI,1
ANGARA,1
CHANDAK,1
PASCHIMANCHAL,1
YUGDEEP,1
PARICHMANCHAL,1
NAGINA,1
VIJAYANT,1
NAVDHARANA,1
THAL,1
NAJEEB,1
SEOHARA,1
ONAM,1
SHRESHTH,1
CHAKRADHARI,1
KARWAN,1
KHALILABAD,1
RUDHAULI,1
PONNERI,1
KORATTUR,1
AYAPAKKAM,1
PAYAMAT,1
SHATAVAHANA,1
MANAIR,1
KARIMNAGAR,1
ELAGANDALA,1
JUBILEE,1
BEGUMPET,1
GOLCONDA,1
ROCK,1
BHALKI,1
QULI,1
SHUJAIYA,1
KACHIGUDA,1
SAMAJA,1
AMEERPET,1
TIRUMALAGIRI,1
MEHDI,1
MUCHKUNDA,1
SAHABZADA,1
DILSHUKHNAGAR,1
CROSSROADS,1
KUKATPALLY,1
IBTADA,1
B.C.TIMES,1
RACE,1
NETI,1
SURYAPET,1
BESANT,1
ORUGALLU,1
ARUMBAKKAM,1
VIRTUAL,1
MARINA,1
TRICHY,1
COIMBATORE,1
LEA,1
AADHAN,1
APOLLO,1
MADURAI,1
VADA,1
ARIYALUR,1
JANGAON,1
VEDAPRAKASH,1
KAKATIYA,1
WARANGAL,1
DIST.TIMES,1
REDDY,1
RANGA,1
HAYATHNAGAR,1
RAJENDRANAGAR,1
PEDDAPALLI,1
ARMOOR,1
MEGHA,1
PARYAVARNA,1
AHMED,1
COACHING,1
DUBAI,1
RAJSAMAND,1
MANASIK,1
ANUPGARH,1
SURTGARH,1
PADAMPUR,1
ADWITIYA,1
SARESI,1
SICHAI,1
ABURDACHAL,1
SIKAR,1
SURYODAYA,1
NATHDWARA,1
GODWAR,1
SWAERO,1
BHASWAR,1
BHARDWAJ,1
JODHESHWAR,1
SONOGRAPHY,1
MARVAAD,1
ROUP,1
GANTANTRA,1
NOHAR,1
SETU,1
AWTARI,1
LADNU,1
HARDEV,1
GHADSANA,1
TONK,1
KUSHAL,1
MUDIRAJ,1
A.P.CABLE,1
(REVENUE),1
HABEEB,1
MUSI,1
VANASTHALI,1
DATAAR,1
MIR,1
KHATEEB,1
SHAMS,1
ADVISOR,1
SABA,1
ADILABAD,1
KANCHANJUNGA,1
SUMMIT,1
GANGTOK,1
RANGIT,1
TEESTA,1
SIKKIM,1
SANGRILA,1
BHAVAN,1
LAKECITY,1
APRANHA,1
SAIDAI,1
BELLARY,1
POONAMALLEE,1
MAANAGAR,1
SANGAMAM,1
PALLAVARAM,1
PATTINAM,1
MADRASA,1
MEDAVAKKAM,1
EVE'S,1
VALASAI,1
MYLAPORE,1
KARUR,1
PALLAVA,1
COASTLINE,1
KARUNYA,1
ROCKFORT,1
CHOOLAIMEDU,1
PARK,1
THIRUMANGALAM,1
MANDAVELI,1
AYANAMBAKKAM,1
TRUNK,1
ARCOT,1
KILPAUK,1
ECR,1
TRIPLICANE,1
VADAPALANI,1
NUNGAI,1
EKKLESIA,1
SHENOY,1
MARUVOOR,1
AVADI,1
AMAZE,1
THIRUVALLUR,1
MUGAVAI,1
CHOZHAN,1
PREETHI,1
TRUTHFUL,1
NAGERCOIL,1
WONDERFUL,1
MADIPAKKAM,1
TAMBARAM,1
AYYAPPANTHANGAL,1
GANAPATHY,1
NAGAL,1
KANCHI,1
TASTY,1
ERODE,1
KAVALAR,1
TOWNSHIP,1
NEYVELI,1
CHERAN,1
NON,1
NILGIRI,1
KURICHI,1
ADAMBAKKAM,1
PONDICHERY,1
PURASAI,1
SATTRUMUN,1
G.K.,1
SELVI,1
BABRA,1
KOYAMBEDU,1
ROYAPURAM,1
MAS,1
THALAIMURAI,1
PORUR,1
MATHUR,1
UTHUKOTTAI,1
KOLATHUR,1
ROYAPETTAH,1
VIGHNAHARTA,1
TAMIZHAGA,1
SUKAN,1
ROOP,1
KUMBAKONAM,1
KHABIYA,1
JAYAMAL,1
PERAMBUR,1
KODAMBAKKAM,1
MUGAPPAIR,1
AMINJIKARAI,1
TEYNAMPET,1
TAF,1
URAPPAKKAM,1
SIDCO,1
COMEDY,1
VIP,1
THIRUVANMIYUR,1
NANGANALLUR,1
VALASARAWAKKAM,1
ALWARPET,1
PILLAR,1
CHROMPET,1
HALAL,1
SECRETARIAT,1
FUNTIMES,1
LEATHEREX,1
SERANGOON,1
VILLIVAKKAM,1
1947,1
VICHITHRA,1
OMR,1
THENSHIRIDI,1
JATROPHA,1
CHALLANI,1
REHAB,1
PORTLAND,1
KAMUTHI,1
INIYAN,1
VASHIST,1
ALOK,1
HIDDEN,1
ANUGYA,1
MONI,1
TOUCHSTONE,1
AMIT,1
SWARASHTRA,1
PANCHMORCHA,1
RASHTRAVASI,1
SEVAN,1
MODEL,1
OLYMPIYA,1
INDICA,1
SHAHEED,1
MAPLES,1
CUTE,1
HAYAT,1
MEHSIL,1
RAJHANS,1
MUMTAZ,1
ICNGO,1
ABADH,1
GLARE,1
JANSANCHAR,1
RAMSHABAD,1
BUDHE,1
4U,1
NIYAZ,1
MODI,1
KALPVRIKSH,1
OASIS,1
NEETU,1
SAHIBABAD,1
NAUVA,1
NAARAD,1
JANJAN,1
PHALKAAN,1
DEEPANKAR,1
SABBAGH,1
SWARUP,1
TIPU,1
YOGESHWAR,1
ARCHNA,1
J.A.D.,1
TIMESMUNAVVAR,1
ACHAR-VICHAR,1
ATHARAV,1
PENINSULA,1
ATMABHAV,1
SENANI,1
KALING,1
NIRALA,1
MAJID,1
SABIYA,1
MANYAVAR,1
SHIVAM,1
KAMLAPURI,1
PARIJAAT,1
QISMAT,1
ODIYAN,1
NANDMAHAR,1
UDBHAV,1
SURYANCHAL,1
AANAND,1
SUYASH,1
EKIKARAN,1
ARCHANA,1
SANGHMITRA,1
DHANGAURAV,1
GLEYAR,1
SHIZA,1
NAVTEJ,1
MIMANSA,1
GOVARDHAN,1
CALL,1
TULIKA,1
ARJIT,1
DIGNITY,1
PRABHUSATTA,1
ACHIEVER,1
DILKUSHA,1
GREENWAY,1
UPKAR,1
KUSUM,1
JANODAYA,1
TRUEMAN'S,1
HARMAT,1
PRESSMEN,1
JHAKKAS,1
PARAMARTH,1
KARTAVYAVANI,1
MAHAK,1
JANAVEG,1
ANTI-SOCIAL,1
UPTODATE,1
GENTLEMAN,1
HITECH,1
PENWORK,1
SIDHARTH,1
PUJYA,1
DOCLAND,1
KAKORI,1
SAMLOK,1
JAWAR,1
NCC,1
ANTRIKSH,1
SAHAJ,1
MURTI,1
ARSHAN,1
MANASVI,1
BHAROSA,1
BHAVANI,1
NAZISH,1
VANDAVI,1
ANIL,1
MAHARAJA,1
MUJHOLI,1
MANGALDATA,1
AVIKUSH,1
FIRDOSH,1
DEORIA,1
PARMIN,1
ABHILASH,1
SWIKAR,1
KHAMMAN,1
MAISI,1
ASHLESHA,1
MONO,1
LAWYER,1
MINAKSHI,1
PRAVEEN,1
ACHAL,1
DOT,1
MAHAVNESH,1
PRIVARATAN,1
ANTARRASHTRIYA,1
SHEETALA,1
JATI,1
SHIVPAAL,1
SAMIYA,1
PARINAAM,1
TRIBHUVAN,1
PARICHARYA,1
RAJNAITIK,1
SHANTIDEEP,1
HERAMB,1
GANJ,1
CHAUPAR,1
UMMAH,1
AFZAL,1
SAMAN,1
BADRIKA,1
FLOWER,1
HIRENDRA,1
INDEVIN,1
PARBANPUR,1
YAMIN,1
ITIHAASH,1
CHAKRAVIEW,1
TANVIR,1
BABY,1
GATIMAN,1
SARVJAN,1
NEELGAGAN,1
AAGAAZ,1
PRATIKSHA,1
ANUSUCHIT,1
SURVEYER,1
PRESSCO,1
SAMPADAK,1
ASHTADHAYI,1
TRIGUN,1
OMNI,1
DIPO,1
ATT,1
ARVIND,1
MRINAL,1
VIBHED,1
FALAK,1
LAKHAN,1
REHBAR,1
SATITVA,1
GAANGEYA-TIMES,1
SHKYA,1
NACHIKETA,1
JUNAID,1
SAMRIDDHI,1
UTPEEDAN,1
INDRMURTI,1
AAFIYAT,1
GAHAMAR,1
MANOKAMNA,1
PARICHARCHA,1
KADAMBARI,1
INQUILAB,1
MADHYA-POORV,1
KAZARA,1
VINAMRA,1
SAMAJBAD,1
NAVARATRI,1
SAMAD,1
UJAGAR,1
ASMA,1
QUAMI,1
VYVASTHA,1
FIRANGI,1
LAKSHMANPURI,1
MADHUPAL,1
USARNA,1
JAMESHED,1
SAHKARITA,1
SWATEJTA,1
DIDAR,1
SIDHANATH,1
CHERISH,1
SET,1
AAMRAVAN,1
HUDHUD,1
MALIHABAD,1
RAMUS,1
KARISHMA,1
MUDRA,1
UNITECH,1
TARANA,1
HAMIRPUR,1
K.M.B.,1
BAGHAULI,1
ANUREET,1
DHADKAN,1
SONI,1
ARIF,1
RAJSHREE,1
VOCAL,1
MARHABA,1
BUZZ,1
TIMESTECH,1
REDICAL,1
CAPTURE,1
PURVA,1
PADRONA,1
VELOCITY,1
GOODWILL,1
LUMBANI,1
APOORV,1
GIDA,1
GORAKHPUR,1
BORIK,1
AHAWAN,1
GONDA,1
SATISH,1
NARSAN,1
DINAR,1
D.L.,1
GANPATI,1
KANNAUJ,1
GAJRAULA,1
CHIRGAON,1
MONTH,1
VEERANGANA,1
VARSH,1
UDDESHYA,1
PASMANDA,1
PARSHAV,1
VIKALANG,1
T.N.A.TIMES,1
HATHRAS,1
BINDE,1
MACHHALI,1
BATESHWAR,1
MAJEET,1
PARATIMES,1
URAI,1
KONCH,1
ORAI,1
ENTICE,1
LAPATA,1
RUPESH,1
MANKAPUR,1
DHANI,1
JANREETI,1
SARNI,1
DALLO,1
PRADEEP,1
GANASALTA,1
MAGNET,1
SELFIE,1
IMS,1
RAJNAGAR,1
SAYA,1
SUMERA,1
SAANVI,1
NAVGRAH,1
PACHAURI,1
PANCHSHEEL,1
ADVERTIMES,1
AFIFA,1
FUTURZ,1
VIRUPAKSH,1
SPA,1
SALON,1
WOMANIYA,1
NIRMANSHALA,1
SARJANA,1
CHANDRAHAR,1
E.N.C.,1
AVLOKAN,1
LONI,1
MAHAGANGA,1
LOKALOK,1
GHAZIPUR,1
KAMSAAR,1
POORVANCHAL,1
PURWANCHAL,1
INFOTIMES,1
YASHLOK,1
VISHAW,1
DIDARSHAH,1
GAUPATH,1
SARVOTTAM,1
JAINU,1
PARMESHWARI,1
KALCHHINA,1
EVREST,1
HND,1
SHRUM,1
SARHIND,1
YOGI,1
DHAULANA,1
YUDHISTHIR,1
CITI,1
ANKASH,1
PRANJAL,1
NEHA,1
RAWAT,1
MIRZAPUR,1
KALINJAR,1
GARG,1
MUKUND,1
BIJAY,1
PRATIBIMB,1
ALEEZA,1
SHUDH,1
SHAKUN,1
MUKHALFAT,1
MONARCH,1
NISHPKSH,1
AUDITION,1
GARGI,1
ARISHA,1
RANCHHOR,1
HAZARIYA,1
ANORA,1
DEVGARH,1
PITAMBARA,1
SMITH,1
UPALI,1
KHERI,1
NATRAJ,1
SWAJAAG,1
ABHIGYA,1
TIJARAT,1
A.K.G.,1
ALPSANKHYAK,1
NASRA,1
LOC,1
GURUTVA,1
SHRIMAD,1
NAVDOOT,1
TOSS,1
NEWSTIMES,1
6AM,1
DADARI,1
SATYAMEWA,1
SWECHHA,1
SUCHANA,1
MAIHER,1
AWAKENING,1
TANPURA,1
AANJANEYAM,1
YAKJEHTI,1
TABLIGH,1
RAAHAT,1
ITAUNJA,1
SPECTRA,1
SAHSIK,1
MAHADEV,1
UMRAI,1
SANJARI,1
SHRUNGA,1
SHYAMANJLI,1
GANJAR,1
KULGAON,1
PARIHAR,1
KALYANPUR,1
BITHOOR,1
AVATAR,1
BAWAN,1
PHOTIFICATION,1
PRATIPAL,1
MEERPUR,1
FAISAL,1
JAYANTI,1
MAHAKALESHWAR,1
AYODHYA,1
DAK,1
SHASHWAT,1
PORVAK,1
SISAMAU,1
JAJMAU,1
GWALTOLI,1
RAN,1
VISHVAMITRA,1
NIDA,1
WITCH,1
LALGANJ,1
TALREJA,1
MOHSIN,1
HOMEO,1
AANKHEN,1
UPSANHAR,1
YUGANDHAR,1
DHARAMSHAMDA,1
KUSHINAGAR,1
MATDATA,1
YADUVANSHI,1
SIDHUA,1
NARESH,1
PRANTIYA,1
SHUBHAM,1
B.R.TIMES,1
HAMRA,1
RASHTRAGHOSH,1
UPDESH,1
GOMATI,1
IMRAN,1
DESHAYAN,1
TAPESHWARI,1
K.C.I.ECHO,1
CANTT,1
JAJ,1
NIRLEP,1
BILHAUR,1
BIGUL,1
NAVDHA,1
RGCSM,1
PHALODI,1
SWARANJALI,1
MEMORIAL,1
M.P.,1
JHALAK,1
IMPRESSION,1
YUV,1
ADNGA,1
ADAGE,1
CHITORIYA,1
CARWA,1
BHARMAN,1
JANME,1
CHAKPAK,1
GAJANFAR,1
UNMUKT,1
HOSILA,1
DARSHI,1
PRATEK,1
AGNICHARCHA,1
KARYAWAHI,1
JAANKAR,1
NISARGA,1
TARUNNUM,1
AURO,1
TERMINAL,1
SAWARIYA,1
BAIRAGAD,1
ARHAM,1
TAIYABA,1
SHIVSARAN,1
NAVJEEVAN,1
NEELBAD,1
KACHER,1
SUTRADHAR,1
MAHIRA,1
SAMIDHA,1
TAHEDIL,1
SUDHANAND,1
GANGRADE,1
PRAGYAN,1
INDICATION,1
AJJAKS,1
ARDHNARISHWAR,1
KHADIWALA,1
FINAL,1
JANASEVA,1
RANGMAHAL,1
PRABHAKAR,1
KHUBAT,1
PASHA,1
PRKOSHT,1
BAITAL,1
BASU,1
LEKHANI,1
SHAISTA,1
TEKRI,1
BHARGAV,1
ARADHYA,1
INSHA,1
TAPISH,1
ANWAR,1
SHAREEN,1
AYUSH,1
GYANARJAN,1
RIYA,1
NAEEM,1
RITURAJ,1
BALBHADRA,1
KAMANI,1
BHOJRAJ,1
FRESH,1
KARN,1
RAJANCHAL,1
ANGITA,1
ANSHUL,1
KHUSHI,1
PANTHAR,1
YUKTA,1
MASIRA,1
HATKESHWAR,1
PRIYAM,1
ARZAAN,1
BHOJPURIYA,1
JOHANTY,1
MAHABALI,1
SANNJAY,1
BASANTI,1
BHOJPAL,1
YASHASVI,1
KAMLAPATI,1
MUNIS,1
BANA,1
TANA,1
VARG,1
PICHHADA,1
NIRAKH,1
ASRAF,1
PESHI,1
NIKAS,1
ANUSHREE,1
AVIKA,1
AYAN,1
VAISHALI,1
DCMM,1
S.K.,1
SAFIA,1
GULZAR,1
IMARAH,1
GARJANA,1
FARAZ,1
SHIVVIKAS,1
KULDEEP,1
PAHARE,1
AARVIKA,1
SUDERSHAN,1
KHAJURAHO,1
KHUJARAHO,1
CHHATARPUR,1
PEPTECH,1
GHASAN,1
NIMAD,1
SHARDA,1
WORKING,1
CHOPAL,1
DESIRE,1
SAMEER,1
BACHPAN,1
GULISTAN,1
BARDOLI,1
RAFIQ,1
RACHNA,1
GAYTRI-SAVITRI-TIMES,1
CHANDRAVANSHI,1
HAUSILA,1
PURA,1
SPHOORTI,1
PRABHANSH,1
PENCH,1
TARANNUM,1
VRITTANT,1
ASHWAMEDH,1
CHETAK,1
PADAV,1
SHEOPUR,1
RAGHOGARH,1
GUNA,1
LODHESHWAR,1
S.R.TIMES,1
MANIDHARI,1
GOGLI,1
AADINATH,1
WAGHELA,1
BHASKAR,1
VARDMAN,1
SARDANA,1
SHEIKH,1
PRATHANA,1
DEWAS,1
SURPRISE,1
BHAGWATI,1
NATHESWARI,1
DATIA,1
SONAGIR,1
BHADRAWATI,1
VAKTA,1
SHAWAR,1
PUTTAN,1
ANNAPOORNA,1
KASHANA,1
DASTGEER,1
ANUGARHA,1
JAHRA,1
KALPANA,1
ONLY,1
KARTIKEY,1
PROJECTOR,1
DIGNIFIED,1
SATVIK,1
MIDDLE,1
MOHILA,1
SOFT,1
DORAHA,1
SUJAL,1
MORAN,1
GANJAL,1
KABIL,1
ARPIT,1
GIRJA,1
BALLABH,1
NARELA,1
BEROZGAR,1
B.P.L.,1
RAJNEETHI,1
NAVAMBEY,1
ROMETH,1
KUSH,1
GADHKUNDAR,1
REPRINT,1
PRAHLAD,1
ISHWAR,1
VIKASH,1
JAGARTI,1
JHUGGI,1
GIRISH,1
TAKKAR,1
RANGARH,1
CHAYNIT,1
ADIBA,1
RAMBHA,1
PANCHDEV,1
BUDHNI,1
KURCHANIYA,1
PIPALIYA,1
GUTTHI,1
ANUKARAN,1
ACE,1
ARUBA,1
KAILA,1
PARASHAR,1
VARUNODAYA,1
RAHA,1
VIDYALAYA,1
PLANING,1
KOLASIB,1
SAIHA,1
ZOZAM,1
TURA,1
SHILLONG,1
TAMENGLONG,1
SENAPATI,1
LAMJINGBA,1
EIMI,1
MANIPUR,1
LAMKA,1
DIGRAS,1
LUNGLEI,1
VARHAD,1
PUSAD,1
MAHAGAON,1
VIRAR,1
MAREGAON,1
DARWHA,1
KARANJA,1
RISOD,1
WASHIM,1
CARMEL,1
SEWAGRAM,1
CHAWNGTE,1
MAMIT,1
TRIPURI,1
HUZEFA,1
SUDESH,1
OJASH,1
SONU,1
ATHARVA,1
DANIK,1
ROOPKALA,1
RAHMANIA,1
MAAJ,1
MUSHTAQ,1
PIPLANI,1
SURESH,1
DILLOAD,1
SERCHHIP,1
PASPUL,1
PRAVARTAN,1
SAMPANA,1
SURYANSH,1
NANESH,1
JUNGLE,1
KANHA,1
JANMBHOOMI,1
ABHINANDAN,1
NIRJA,1
JOHILA,1
DURVENDRA,1
NERLA,1
YASHOMADHU,1
SOPARA,1
BHARATDESH,1
SHAHAPUR,1
BADLAPUR,1
TIMKY,1
SHAURIA,1
KUTCHI,1
KAUSA,1
CHAUBAN,1
KUNBI,1
PRABHODHAN,1
SUKHI,1
CHINGARI,1
SOMVEER,1
SIHAI,1
BHAYANDAR,1
VIRAT,1
DAHANU,1
DANISH,1
SIMPLE,1
DOMBIVALI,1
VISHWADEEP,1
ADHINAYAK,1
HAWALDAR,1
ALANKAR,1
POWERLOOM,1
SAMMAAN,1
LONAR,1
TITWALA,1
PARVA,1
HOSHIYAR,1
TRIDEV,1
WELDFAB,1
AVIRAJ,1
SWAPNA,1
AAMHI,1
HOMANJALI,1
JADHAV,1
JIGER,1
SUMITRA,1
PRITHVIRAJ,1
RAJMUDRA,1
KIRDAR,1
KALWA,1
VASHI,1
KANTA,1
SAHASI,1
SABAT,1
SAMS,1
RAKHANDAR,1
EKMEV,1
JIVDANI,1
HYAT,1
SALEEM,1
BABANE,1
PASHUPATINATH,1
TRIKON,1
SHAFALI,1
GULDASTA,1
SHUBHASHISH,1
KANISHKA,1
ANAM,1
NOUSHAD,1
NOUNIHAL,1
BARNEE,1
LADLI,1
JHEEL,1
SAMRTH,1
DIVERSITY,1
SUKHAN,1
PITHAMPUR,1
PRATIGYA,1
RABI,1
SAMEEKSHA,1
VAIDENI,1
ZISHAN,1
ASHTBHUJA,1
GOHAR,1
ARTS),1
"(SPORTS,YOGA",1
IKARA,1
DURVASA,1
SHREYANSH,1
KALANI,1
FAIZAL,1
HIMMAT,1
MALWANCHAL,1
PANVARSHA,1
REEMA,1
SEMRI,1
ABHUTPURV,1
AISHBAGH,1
INAAM,1
SATANWADA,1
RATAPANI,1
HEMU,1
VITHIKA,1
PRAVAL,1
KHEDA,1
LAMBA,1
SHITANSHU,1
JANYATRI,1
SENGRIYA,1
TASLEEM,1
CHAWLA,1
SARA,1
KEHKASHAN,1
QAZI,1
SYM,1
UDAYGIRI,1
WIG,1
NIVIRAJ,1
TILAKHEDI,1
RAGINI,1
BHOJANCHAL,1
AASHI,1
AGNIYUG,1
KARMATH,1
AFIARI,1
RAJDHAM,1
DURGADAS,1
RASHTRAVEER,1
JYOTSNA,1
KANKALI,1
PALLABH,1
KORI,1
NAVINIKARAN,1
JINGAR,1
AKANDTA,1
ANJUM,1
SANTOSHI,1
ABHILASHA,1
NAMRA,1
GOAL,1
LALARIYA,1
SANJHVEER,1
FAREEN,1
DHARNA,1
BALANCE,1
CHOURASIYA,1
ABRAR,1
TRAIN,1
GULNAAZ,1
VINITA,1
SAVITA,1
SAUGAT,1
TIMESSAMAJH,1
FAIZIYAB,1
PANCHAM,1
CHAKRAVAT,1
SHASHIKALA,1
IBRAHIM,1
SURKHAB,1
NEVARI,1
SUJATA,1
SOHAM,1
DURGESHWARI,1
BIJASAN,1
ADARSHDEEP,1
MELODY,1
PARIVESH,1
SHIMAYALA,1
LUBNA,1
GOPACHAL,1
GAJANAND,1
MAHAJAN,1
RAJPURA,1
MEWAR,1
ANGIRA,1
NAWAN,1
JIWAN,1
KOTLA,1
SANESARA,1
MOHALI,1
SANGOL,1
NANGAL,1
HITAISHI,1
TARKYUG,1
ZEALOUS,1
KEKADI,1
RACIA,1
ACCU,1
ACCURACIA,1
SEHAJ,1
DORGA,1
SUNSET,1
HAWK,1
SAMRALA,1
TIMESKASTURBA,1
BABAR,1
SEW,1
CHHATRA,1
TARAGARH,1
HEMALI,1
BRAHMASTRA,1
BALOTRA,1
SIMANT,1
MALANI,1
BRAHAMDHAM,1
BARAN,1
TEHKIKAT,1
DWAR,1
BHIWADI,1
DECISION,1
PRABUDDH,1
TIMESCALE,1
SHARARAT,1
AJAYMERU,1
BHARTRIHARI,1
BRIM,1
NASIRABAD,1
MAYAVI,1
ANUSHASAN,1
PEEPA,1
PRITIYOGITA,1
OXYZEN,1
MARBLE,1
KESARPURA,1
MAGANLIYAVASH,1
KHANNA,1
SWARNBHOOMI,1
VIRK,1
NAGRA,1
PUDUVAI,1
FRA,1
EXINDES,1
G.D,1
ETVIC,1
ANC,1
DES,1
VOIX,1
OFFER,1
KARAIKAL,1
AADYASHA,1
GANGAPUR,1
ZIMIDARA,1
MAHANADI,1
SAMBHAB,1
JAGANNATH,1
INKDEW,1
DEOMALI,1
DANDAKARANYA,1
PHOTO-NEWS,1
ODIA,1
INTERVIEW,1
KEONJHAR,1
TALCHER,1
MEEL,1
PATHAR,1
HAMSAFAR,1
BHATINDA,1
JANSEWA,1
PASSI,1
JULLUNDUR,1
AKALI,1
PHILLAUR,1
AADI,1
FILAUR,1
DASS,1
BEGUMPURA,1
SANGEET,1
JAGDEMBEY,1
ST.SOLDIER,1
LOBANA,1
SHEHNAZ,1
RAJDAAR,1
BIAS,1
HOSHIARPUR,1
MUKERIAN,1
CHASKA,1
MASKA,1
LAKHTIA,1
MANSAROVER,1
RAMGARHIA,1
BARMER-TIMES,1
KEWALADEV,1
SAROJINI,1
CHAI,1
MARUBHOOMI,1
BAGARA,1
NAJMA,1
MADAN,1
DABDABA,1
AAS,1
NISUDHA,1
LAAJ,1
SAROJNI,1
YATAYAT,1
HARIKRIPA,1
DHADHAN,1
PILOT,1
CHHAEDA,1
BIYANI,1
MOBILE,1
SAMBODHI,1
KUMAR,1
MEGH,1
BAGRU,1
JRA,1
HIMGIRI,1
VIKRANT,1
MARUTI,1
ARUSHI,1
NAGARJUN,1
RAGHU,1
PRASAAN,1
ROADWAYS,1
KAROULI,1
JOSHI,1
JADAV,1
RAJPUROHIT,1
CHHIPA,1
BACK,1
KHWAJA,1
DHANVANTARI,1
SUNCITY,1
PRASANN,1
SANSHAR,1
SAROJANI,1
SEKHAWATI,1
CHANCHAL,1
CHANDRVATI,1
DIMENSION,1
BHINMAL,1
SATYAPUR,1
JASOL,1
RATNESHWAR,1
DABIRA,1
JAISAL,1
MUSHRAF,1
BADIWAL,1
BALRANG,1
ANUPOORVI,1
NIMBAHERA,1
SHALVA,1
KAROTNAGAR,1
ANOKHA,1
SAANYKAAL,1
MEEN,1
B.P.N.,1
DEEN,1
SADULPUR,1
MARU,1
BENGU,1
SHANKHESHWAR,1
JAITOON,1
MEHRAJ,1
SANJOG,1
JOG,1
SRIDUNGARGARH,1
TUMBA,1
TUMBAK,1
YSE,1
R.C.M.TIMES,1
PENSIONERS,1
KHANAN,1
ANANYA,1
S.Y.M.,1
GOGAMEDI,1
SANGARIYA,1
NOBEL,1
GANGANAGAR,1
TATHAKATHA,1
CHINTAN,1
YATHARTHA,1
DUDU,1
VITHTHAL,1
MADHVI,1
TEVAR,1
RANTHAMBHOR,1
TRI,1
JALMAHAL,1
KOMAL,1
YASHVARDHAN,1
VIDYADHAR,1
MID-DAY,1
KAALWAD,1
RAMGARH,1
JAIGARH,1
GULABI,1
NAVSHREYA,1
LALVAS,1
KANOTA,1
HUMRAZ,1
HANUMANGARH,1
SUVBHARAT,1
JAJPUR,1
KOUSKI,1
CROWN,1
WALA,1
CHANDAN,1
VIKRAYKAR,1
BETMA,1
RAZA,1
MAHIMA,1
AROMA,1
NAVAGAT,1
SARAFA,1
SURYAMANCH,1
KHAJANA,1
SUKHMANI,1
GUN,1
CENSOR,1
TIMES.COM,1
NAVKAR,1
AURA,1
DEPALPUR,1
YAMRAJ,1
SWARANKAR,1
PMT,1
SANIA,1
PADMAVATI,1
DHARMYAM,1
JABARDAST,1
SHUBHANGAN,1
GARHA,1
CHINMAYEE,1
ANVI,1
TARAKKI,1
MOURCHA,1
EKADASHI,1
JANPATRAKAR,1
KHULASHA,1
AVON,1
MADHYAPRADESH,1
KARTIK,1
VIDEH,1
NINAD,1
MAHU,1
SHAGUFTA,1
VACANCIES,1
JAGBEETI,1
REDOUND,1
ISHAAN,1
MASHWARA,1
SOBI,1
RAJESHWARI,1
MIRZA,1
RAVINDER,1
INDOREPOL,1
RANJEET,1
MAHAMANTRA,1
NAVKAAR,1
LBF,1
PRASANG,1
ATLAST,1
PROFESSOR,1
SABALGARH,1
KURMI,1
MANKAMESHWAR,1
BHUDUK,1
RUKHASAR,1
MRIGNAYANI,1
DIKOL,1
ARTHYUG,1
KOTESHWAR,1
SAJAL,1
MOHANDAS,1
MITTAL,1
VERISON,1
RISHIRAJ,1
BAGHEL,1
MRITUNJAY,1
MIRCHI,1
SUMEDH,1
BHUTESHWAR,1
NADARIYA,1
DATIYA,1
VRAKSHAWAR,1
HOSHANGABAD,1
MKALOO,1
ITARSI,1
AHANA,1
PUSHPA,1
MEV,1
DHARMADITYA,1
PRIYANT,1
BOHRA,1
EQUITY,1
ANUKUL,1
I.S.B.TIMES,1
WELFARE,1
MANTAR,1
JANTAR,1
JANMASTHALI,1
BHASHAK,1
SAIMS,1
PRADESIK,1
SAJNAAN,1
PROVIEW,1
FRIENDLY,1
RAJEEV,1
ARTHATANTRA,1
ABHYASH,1
DHWANI,1
S.D.A.,1
SADAR,1
DEVJHIRI,1
CUTTACK,1
JINESHWAR,1
VINAY,1
MODHESHWARI,1
SANTOSH,1
LATA,1
CHCHALIYA,1
CHOURISHIYA,1
AVANTIKA,1
DHARMISHTHA,1
MAHESHWARI,1
BAIJNATH,1
JANYASH,1
SIMHASTHA,1
URMILA,1
VINDHYACHAL,1
ORAAYAN,1
RAJNETIK,1
MIVAAN,1
KUNDESHWAR,1
KAVY,1
FOLADI,1
BAINGANGA,1
HEERAVATI,1
PAATI,1
SARVADHIKAR,1
BARNAGAR,1
VIKRAMADITYA,1
JHABUA,1
RUCHILA,1
KALANTAR,1
EKAMRA,1
SWADHIN,1
BHUBANESWAR,1
COMMON,1
UDDRA,1
BALASORE,1
AQUA,1
MOKOKCHUNG,1
NAGALAND,1
BHELSA,1
NISHAT,1
DHOUSRIYA,1
UNMOOLAN,1
BHARASHTACHAR,1
SOBHA,1
BETVANCHAL,1
TIMES(MORNING),1
BANDHAVGARH,1
VIDHYARATHI,1
DAUDI,1
RAHUL,1
VYASTIMES,1
LALAVAT,1
SONACHAL,1
VIRALA,1
RAJE,1
MAYURVAN,1
SOMESHWAR,1
VETWA,1
JWALANSHEEL,1
TOOBA,1
SANCHI,1
AITIHASIK,1
LUNCH,1
DELPREET,1
SHIBA,1
NARSINGHPUR,1
UDAYA,1
GAROTH,1
NAHAR,1
YATINDER,1
PINTU,1
CHINTU,1
MANDLA,1
NAINPUR,1
PUNITA,1
REVANCHAL,1
KHARGON,1
KHANDWA,1
ANJANI,1
KATNI,1
MANDIDEEP,1
ROOPMATI,1
JALPA,1
CHALLENEG,1
SHAJAPUR,1
KOTAM,1
NAKSHTRA,1
SHAHADOL,1
BHOPALI,1
SOORMA,1
SEONI,1
WAINGANGA,1
PRATHVI,1
AHMADPUR,1
SIDDHPUR,1
BHARHUT,1
DWHANI,1
JAITWAR,1
DEOTALAB,1
MAUGANJ,1
KAMTA,1
NAGESHWAR,1
JANAGOSH,1
JANGHOSH,1
GULSHANABAD,1
JAVARA,1
PASI,1
SATAT,1
